timestamp,runtime,memory,payload_size,mode,init_duration_ms,duration_ms,billed_duration_ms,max_memory_mb,request_id
2026-04-29T08:51:45Z,java-jvm,512,1k,cold,1079.85,5691,5691,177,251ea5cf-aebc-43f8-ac1e-6c122c96a3e4
2026-04-29T08:51:58Z,java-jvm,512,1k,cold,1073.50,5585,5585,179,19888083-02c1-4d3e-b658-4680e93871fb
2026-04-29T08:52:11Z,java-jvm,512,1k,cold,1134.20,5949,5949,177,2aea510d-1eec-44d2-8ca9-1cf70cc16580
2026-04-29T08:52:23Z,java-jvm,512,1k,cold,1107.44,5659,5659,177,da71dc18-fe43-47d0-a041-905f7785bb64
2026-04-29T08:52:37Z,java-jvm,512,1k,cold,1393.75,6402,6402,176,1d0b556a-7c0d-4248-9d6d-a68359e73973
2026-04-29T08:52:50Z,java-jvm,512,1k,cold,1057.44,5677,5677,175,f37eb5f1-6fef-4473-9735-e78dd828770e
2026-04-29T08:53:03Z,java-jvm,512,1k,cold,1080.41,5732,5732,179,db371577-3794-4907-beb3-2d6c61fa4fbc
2026-04-29T08:53:17Z,java-jvm,512,1k,cold,1134.16,5943,5943,179,a6301db7-de80-489a-80f4-03833d79a04d
2026-04-29T08:53:30Z,java-jvm,512,1k,cold,1362.75,6324,6324,179,2d0bcb78-3dfd-441e-9570-2ffc803f93a6
2026-04-29T08:53:43Z,java-jvm,512,1k,cold,1122.52,5645,5645,179,0eedf167-74fb-4531-be29-c735a48cf28d
2026-04-29T08:53:56Z,java-jvm,512,1k,cold,1103.66,5666,5666,177,c8c92f4f-bc61-4e5f-ab19-34cbac759f45
2026-04-29T08:54:09Z,java-jvm,512,1k,cold,1139.21,5775,5775,179,955aec6e-e5a4-4335-9ba5-c7f616047a5a
2026-04-29T08:54:22Z,java-jvm,512,1k,cold,1093.32,5683,5683,179,b473d298-46b9-48dd-b2b6-c26dc54d059d
2026-04-29T08:54:35Z,java-jvm,512,1k,cold,1127.54,5698,5698,179,bc2ac6bd-82d8-4b4a-ac12-03ce048ad19b
2026-04-29T08:54:48Z,java-jvm,512,1k,cold,1083.55,5592,5592,179,472a20b3-986c-4644-aa77-a6b1c939cdeb
2026-04-29T08:55:01Z,java-jvm,512,1k,cold,1397.67,6223,6223,177,e4b90b97-8d22-4277-816b-740fa5cdb049
2026-04-29T08:55:14Z,java-jvm,512,1k,cold,1098.33,5937,5937,177,ab43227f-97ea-40e8-8f0b-26324300e94f
2026-04-29T08:55:27Z,java-jvm,512,1k,cold,1061.69,5673,5673,179,33d5242c-8e22-4592-96bb-d26888682eb5
2026-04-29T08:55:40Z,java-jvm,512,1k,cold,1053.34,5485,5485,179,21b97a1e-b6ba-49c0-9125-1b34d22930f7
2026-04-29T08:55:53Z,java-jvm,512,1k,cold,1085.66,5696,5696,179,9aa1b6b0-7e0a-4657-bf68-96b779354f6d
2026-04-29T08:56:06Z,java-jvm,512,1k,cold,1079.85,5850,5850,177,d28ae79c-21a5-4da6-840b-bd9712c4c788
2026-04-29T08:56:20Z,java-jvm,512,1k,cold,1468.63,6629,6629,181,b4a36835-c6dd-4e7f-9883-2d6a7e028150
2026-04-29T08:56:33Z,java-jvm,512,1k,cold,1088.01,5640,5640,181,4c3538a2-1b18-409e-a17d-9ca71a4b4a74
2026-04-29T08:56:46Z,java-jvm,512,1k,cold,1418.50,6299,6299,176,47f137ea-5843-4ee1-ad87-5cfef1e0422a
2026-04-29T08:56:59Z,java-jvm,512,1k,cold,1037.62,5417,5417,181,71a16209-cfca-49c7-8cf1-8f85202b042c
2026-04-29T08:57:12Z,java-jvm,512,1k,cold,1097.54,5808,5808,179,bd0602c2-b1ab-4c1e-9cec-6981de46dc57
2026-04-29T08:57:25Z,java-jvm,512,1k,cold,1143.37,5824,5824,177,b77d3621-a09c-4976-bbca-cbb0d03fac6b
2026-04-29T08:57:39Z,java-jvm,512,1k,cold,1424.83,6429,6429,180,8bf7dc22-9556-4966-9008-790686f618ee
2026-04-29T08:57:52Z,java-jvm,512,1k,cold,1080.18,5755,5755,179,d9a05753-7745-409d-9d80-a5693ffa9959
2026-04-29T08:58:05Z,java-jvm,512,1k,cold,1050.48,5626,5626,179,6360ad0a-8942-4df9-a6ab-78a991322b69
2026-04-29T08:58:18Z,java-jvm,512,1k,cold,1454.29,6569,6569,178,5078b736-7cd8-4f26-ad8a-6c8762ec2812
2026-04-29T08:58:31Z,java-jvm,512,1k,cold,1110.88,5563,5563,179,ca34ec59-c996-429a-a8a5-53fdde95c005
2026-04-29T08:58:44Z,java-jvm,512,1k,cold,1094.78,5587,5587,179,39a7ffc6-a1b7-4dca-af21-c6f21b2ae2fe
2026-04-29T08:58:57Z,java-jvm,512,1k,cold,1425.04,6392,6392,178,d541358e-88ef-4fe9-a029-eafe3acebfed
2026-04-29T08:59:10Z,java-jvm,512,1k,cold,1123.68,5874,5874,175,d6855934-70c0-4565-add5-2ee677f5a34f
2026-04-29T08:59:23Z,java-jvm,512,1k,cold,1093.70,5693,5693,179,99b29a2d-410c-4dca-a1b5-44de4b7301bb
2026-04-29T08:59:37Z,java-jvm,512,1k,cold,1419.06,6268,6268,181,d82d4745-f7d9-4065-8905-17952a2e7865
2026-04-29T08:59:51Z,java-jvm,512,1k,cold,1402.85,6304,6304,175,05f94678-d8f9-413e-be07-0648fe5e82e8
2026-04-29T09:00:04Z,java-jvm,512,1k,cold,1118.64,5730,5730,179,ba7fa908-bf10-4a6f-a8b3-66d61c380a22
2026-04-29T09:00:16Z,java-jvm,512,1k,cold,1078.66,5592,5592,175,17e4ce0e-1268-4485-9a60-8e3a6ce33631
2026-04-29T09:00:29Z,java-jvm,512,1k,cold,1112.99,5741,5741,177,26111acc-19e8-458b-bd42-56061c47dc76
2026-04-29T09:00:42Z,java-jvm,512,1k,cold,1145.27,5780,5780,179,9b4cab22-8e51-43ad-b10a-c722345f5e63
2026-04-29T09:00:56Z,java-jvm,512,1k,cold,1059.37,5571,5571,179,691b54bc-6026-4e93-a813-ba90ab3db178
2026-04-29T09:01:10Z,java-jvm,512,1k,cold,1441.48,6559,6559,177,c57e2133-28ca-4b46-91e0-1103526116fe
2026-04-29T09:01:23Z,java-jvm,512,1k,cold,1089.25,5821,5821,177,180f2adc-0eb0-4d39-9c8d-ae35dea07752
2026-04-29T09:01:36Z,java-jvm,512,1k,cold,1123.06,5812,5812,177,f554349c-cc02-4f7c-9967-5050de8a2a0d
2026-04-29T09:01:49Z,java-jvm,512,1k,cold,1122.23,5896,5896,179,1f1481bf-f616-4ba7-aeca-711a3a37716d
2026-04-29T09:02:02Z,java-jvm,512,1k,cold,1088.84,5797,5797,179,0d6eed45-57f6-4777-915a-dba4ee8367b7
2026-04-29T09:02:15Z,java-jvm,512,1k,cold,1096.42,5785,5785,177,acc6efdd-631c-47c6-9999-c3bee8028f1d
2026-04-29T09:02:29Z,java-jvm,512,1k,cold,1187.99,6062,6062,179,f8ab90c3-38fe-487b-985a-9c9e257b594c
2026-04-29T09:02:30Z,java-jvm,512,1k,warm,,31,31,179,5fc576c8-1d9e-433f-a134-17171073cfe1
2026-04-29T09:02:31Z,java-jvm,512,1k,warm,,35,35,179,0da32ed5-aed8-4a0c-a1eb-3ff167831129
2026-04-29T09:02:32Z,java-jvm,512,1k,warm,,29,29,179,77fb2c13-d76a-4f48-9c8c-67be7c36b9ea
2026-04-29T09:02:32Z,java-jvm,512,1k,warm,,26,26,179,20a745f7-1971-48d2-8963-1c243ab05036
2026-04-29T09:02:33Z,java-jvm,512,1k,warm,,34,34,179,8eb9759a-a886-4fda-9e4d-25a03ce9ec7f
2026-04-29T09:02:33Z,java-jvm,512,1k,warm,,40,40,180,e71c0817-43e4-4a34-b95a-e0e331c0d19e
2026-04-29T09:02:34Z,java-jvm,512,1k,warm,,28,28,180,f39bcbec-efd5-475a-ac14-be5e06fcbbcb
2026-04-29T09:02:35Z,java-jvm,512,1k,warm,,27,27,180,07b0725a-c811-44b0-b3d9-7178146a7bab
2026-04-29T09:02:35Z,java-jvm,512,1k,warm,,28,28,180,a48a14eb-e26e-43d9-b747-0dbf9fba6fd1
2026-04-29T09:02:36Z,java-jvm,512,1k,warm,,16,16,180,6d60bf1d-a831-48fd-9f9e-38b09c9c4c17
2026-04-29T09:02:36Z,java-jvm,512,1k,warm,,15,15,180,795e1327-51b0-46b1-8b35-692ea7a2213b
2026-04-29T09:02:37Z,java-jvm,512,1k,warm,,27,27,180,d8241d36-2cd4-45e1-be5f-d9c72f6e437a
2026-04-29T09:02:37Z,java-jvm,512,1k,warm,,47,47,180,c7be7194-88f2-4c65-898c-121167efda32
2026-04-29T09:02:38Z,java-jvm,512,1k,warm,,15,15,180,828f30d7-fda7-4d28-96ef-98949ba33045
2026-04-29T09:02:38Z,java-jvm,512,1k,warm,,33,33,180,d6a4c66f-53a4-4a45-9277-7f194eb73d42
2026-04-29T09:02:39Z,java-jvm,512,1k,warm,,56,56,180,a0cebab9-5913-4e56-a32d-b78648cbc43a
2026-04-29T09:02:40Z,java-jvm,512,1k,warm,,39,39,180,f6a8a718-9cd8-4716-bef1-2f0c644750b8
2026-04-29T09:02:40Z,java-jvm,512,1k,warm,,14,14,180,a70634c6-5434-4e9f-bada-7dcaf45ab057
2026-04-29T09:02:41Z,java-jvm,512,1k,warm,,37,37,180,d9b44dc4-0b68-4989-aa66-e95567f1fc45
2026-04-29T09:02:41Z,java-jvm,512,1k,warm,,14,14,180,6ba9c51b-16b2-4537-a67d-2dcc6e10502a
2026-04-29T09:02:42Z,java-jvm,512,1k,warm,,35,35,180,4a3e4a96-05f5-4635-b6b2-215098918141
2026-04-29T09:02:43Z,java-jvm,512,1k,warm,,26,26,180,37de6ae4-ac72-4cca-ab13-fe5f7db09279
2026-04-29T09:02:43Z,java-jvm,512,1k,warm,,27,27,180,3726ef17-1fa8-4120-9997-b8c8e02e9da2
2026-04-29T09:02:44Z,java-jvm,512,1k,warm,,14,14,180,592c3fd4-2140-46a3-8dc1-d6fe74c3de71
2026-04-29T09:02:44Z,java-jvm,512,1k,warm,,15,15,180,b2241158-6859-4a62-ba45-fc43996bdbd1
2026-04-29T09:02:45Z,java-jvm,512,1k,warm,,24,24,180,9179b452-da5c-41cc-b794-edf70a8f3238
2026-04-29T09:02:46Z,java-jvm,512,1k,warm,,25,25,180,83f91e38-8a6d-40b5-a0a6-a122793758f1
2026-04-29T09:02:46Z,java-jvm,512,1k,warm,,21,21,180,e59ecf14-3973-43d9-9340-d1f02b7f224f
2026-04-29T09:02:47Z,java-jvm,512,1k,warm,,36,36,180,a0662d58-2cfd-4f5a-87a6-ff363eecb642
2026-04-29T09:02:47Z,java-jvm,512,1k,warm,,16,16,181,3d743271-3802-4bcf-95ae-18cb0c13ba2a
2026-04-29T09:02:48Z,java-jvm,512,1k,warm,,18,18,181,44f28fd4-a42f-4d2a-82a2-9874dcf0999b
2026-04-29T09:02:48Z,java-jvm,512,1k,warm,,14,14,181,a1992942-4fd8-4891-8185-9241fc8f5cdf
2026-04-29T09:02:49Z,java-jvm,512,1k,warm,,14,14,181,cccb6d31-9b4a-4ee1-955d-46c96693c63b
2026-04-29T09:02:49Z,java-jvm,512,1k,warm,,16,16,181,1f639579-ec1c-434d-ad20-25c1b1777600
2026-04-29T09:02:50Z,java-jvm,512,1k,warm,,26,26,181,682b1e22-e61c-4c59-87b1-05d225b28125
2026-04-29T09:02:51Z,java-jvm,512,1k,warm,,21,21,181,7c08d121-b33a-45c9-8ddd-8613a3ec8cce
2026-04-29T09:02:51Z,java-jvm,512,1k,warm,,15,15,181,5d4c2508-f4ec-4ec2-87aa-a485071d64e6
2026-04-29T09:02:52Z,java-jvm,512,1k,warm,,21,21,181,220e5071-977f-4078-8162-9c759267fa13
2026-04-29T09:02:52Z,java-jvm,512,1k,warm,,24,24,181,c26e67d8-e81e-4546-8c19-fe9d65539719
2026-04-29T09:02:53Z,java-jvm,512,1k,warm,,30,30,181,47f958dd-5899-4722-bee4-758dc7d66d7f
2026-04-29T09:02:53Z,java-jvm,512,1k,warm,,21,21,181,ae38e310-45a0-492e-a6e7-ed63cf17c712
2026-04-29T09:02:54Z,java-jvm,512,1k,warm,,15,15,181,260cfe2e-8043-4ec4-99db-67f563cf38d6
2026-04-29T09:02:55Z,java-jvm,512,1k,warm,,22,22,181,491f3eff-a3cc-4b84-9c6f-c2e602350866
2026-04-29T09:02:55Z,java-jvm,512,1k,warm,,14,14,181,e402ae0c-2260-4899-8c67-f9ad19304b8a
2026-04-29T09:02:56Z,java-jvm,512,1k,warm,,16,16,181,1b3438c6-c74a-48e4-8670-a21484041496
2026-04-29T09:02:56Z,java-jvm,512,1k,warm,,22,22,181,91b955e7-4970-45b3-ae27-2037e3dc1461
2026-04-29T09:02:57Z,java-jvm,512,1k,warm,,18,18,181,f5e4699b-d930-4adc-b595-6759c3862e45
2026-04-29T09:02:57Z,java-jvm,512,1k,warm,,21,21,181,45f99738-6352-432d-88eb-8f307f414e55
2026-04-29T09:02:58Z,java-jvm,512,1k,warm,,24,24,181,690a17ef-f1c3-41eb-83a1-c4130e954421
2026-04-29T09:02:59Z,java-jvm,512,1k,warm,,13,13,181,048a68b2-fd0d-40ff-9a23-093025c05d1e
2026-04-29T09:03:12Z,java-jvm,512,100k,cold,1405.63,6507,6507,180,d3c5ef91-b5ed-46da-8e74-5721aa305b0f
2026-04-29T09:03:26Z,java-jvm,512,100k,cold,1402.80,6472,6472,178,4829def3-05f9-4e86-9d63-017798907813
2026-04-29T09:03:39Z,java-jvm,512,100k,cold,1113.11,5783,5783,178,77646096-2c36-4ae0-bea5-d988bcac0376
2026-04-29T09:03:53Z,java-jvm,512,100k,cold,1443.90,6664,6664,180,ce339103-2b56-40ca-9f5a-51f4b656a88f
2026-04-29T09:04:06Z,java-jvm,512,100k,cold,1138.19,6101,6101,180,3b955c48-10a6-4a08-b3f3-161f1aec1b55
2026-04-29T09:04:20Z,java-jvm,512,100k,cold,1473.21,6788,6788,180,78c1e994-60d0-4724-a7f1-328802f7ea05
2026-04-29T09:04:33Z,java-jvm,512,100k,cold,1110.57,5881,5881,180,9a676702-71a8-4394-b75b-b61694a9c4c6
2026-04-29T09:04:47Z,java-jvm,512,100k,cold,1107.00,5866,5866,176,8031a2b4-1a43-4c2e-8e48-00214841d623
2026-04-29T09:04:59Z,java-jvm,512,100k,cold,1059.11,5722,5722,180,b077cf53-f6d2-4996-9ddb-2de180cf06ae
2026-04-29T09:05:13Z,java-jvm,512,100k,cold,1136.36,5964,5964,178,388270c4-91fd-4b39-af9e-ca3cc3bc74cf
2026-04-29T09:05:26Z,java-jvm,512,100k,cold,1129.82,5910,5910,180,ba9292a4-d7fd-4e17-9bdb-74ddea71d50a
2026-04-29T09:05:40Z,java-jvm,512,100k,cold,1438.26,6617,6617,180,06fb83dd-7da6-4eba-b8b0-e25672ddb1be
2026-04-29T09:05:53Z,java-jvm,512,100k,cold,1086.21,5697,5697,180,6e9b0052-e25e-4a1e-8a8f-a06c9a809e59
2026-04-29T09:06:06Z,java-jvm,512,100k,cold,1049.13,5660,5660,182,262ddc69-bc1f-4393-8e74-fc3d55f52460
2026-04-29T09:06:20Z,java-jvm,512,100k,cold,1421.47,6469,6469,180,b87b026e-0e67-4e1d-824b-f0ed745ecd73
2026-04-29T09:06:32Z,java-jvm,512,100k,cold,1052.62,5481,5481,178,2ba4d36a-839b-4da3-a471-a0794c33939b
2026-04-29T09:06:46Z,java-jvm,512,100k,cold,1409.84,6311,6311,180,9f9c6a30-32a9-4efa-8ef7-7729a5b3a7e5
2026-04-29T09:06:59Z,java-jvm,512,100k,cold,1055.61,5626,5626,182,612a72d0-b54b-4aeb-86f4-52eb11d6655b
2026-04-29T09:07:12Z,java-jvm,512,100k,cold,1070.13,5735,5735,182,66f16f2c-cd9b-4995-a9a6-64035f936341
2026-04-29T09:07:25Z,java-jvm,512,100k,cold,1059.15,5732,5732,180,f455d98e-213f-43a2-a051-2d0ef3e155a7
2026-04-29T09:07:38Z,java-jvm,512,100k,cold,1114.72,5804,5804,177,a00dd3ec-865e-4323-8035-ae5436dc7a91
2026-04-29T09:07:51Z,java-jvm,512,100k,cold,1117.51,5686,5686,182,6807d507-d26a-43f3-bcfc-a4b9e4f869e3
2026-04-29T09:08:05Z,java-jvm,512,100k,cold,1134.44,6012,6012,180,261ce7f2-df53-4aa9-bc50-3967e45bcc7c
2026-04-29T09:08:18Z,java-jvm,512,100k,cold,1098.47,5889,5889,178,d107b93a-a12b-4a57-a0a7-31711d674ffd
2026-04-29T09:08:31Z,java-jvm,512,100k,cold,1405.36,6303,6303,180,292e9eaa-57b1-4037-813c-3a2d640de9e3
2026-04-29T09:08:45Z,java-jvm,512,100k,cold,1150.03,5660,5660,176,b02b596a-967b-4f48-9827-93ef98a1850b
2026-04-29T09:08:57Z,java-jvm,512,100k,cold,1081.02,5450,5450,178,f19379fd-b7be-44ed-8caf-68b947f47bb7
2026-04-29T09:09:11Z,java-jvm,512,100k,cold,1470.03,6912,6912,180,22f1ce37-4c16-4d28-bcbd-fdf76fe1c070
2026-04-29T09:09:24Z,java-jvm,512,100k,cold,1067.72,5502,5502,180,58dec65e-07b7-4870-982f-69ae7243985b
2026-04-29T09:09:38Z,java-jvm,512,100k,cold,1414.52,6392,6392,180,7c2c7a7a-c22a-49de-be81-c9166505c3d5
2026-04-29T09:09:51Z,java-jvm,512,100k,cold,1088.05,5621,5621,182,f552861a-2982-450b-86c0-d8f50cb90e06
2026-04-29T09:10:04Z,java-jvm,512,100k,cold,1117.02,5897,5897,180,b98ecba8-4d4b-4484-a61e-fae71d7be7ea
2026-04-29T09:10:17Z,java-jvm,512,100k,cold,1079.48,5735,5735,178,273d5837-7b73-4c5b-854b-c0a67b45522f
2026-04-29T09:10:30Z,java-jvm,512,100k,cold,1073.98,5725,5725,180,3da7dff2-53ed-4264-9742-e9e9fb9db3fe
2026-04-29T09:10:43Z,java-jvm,512,100k,cold,1075.02,5371,5371,180,a62b2cb7-b1ef-4913-9a5f-4baaa2e58c29
2026-04-29T09:10:55Z,java-jvm,512,100k,cold,1076.04,5626,5626,180,d17b2677-4c8d-40d9-97e9-9a28632b5f0b
2026-04-29T09:11:08Z,java-jvm,512,100k,cold,1047.11,5397,5397,180,68978970-043e-41eb-ae9b-840e76d7e93b
2026-04-29T09:11:22Z,java-jvm,512,100k,cold,1411.31,6529,6529,178,723745c2-3c10-4b0e-9762-1609eda3ebb6
2026-04-29T09:11:35Z,java-jvm,512,100k,cold,1028.65,5220,5220,179,529d919d-94ab-47dc-b0bb-a0e9a5792476
2026-04-29T09:11:49Z,java-jvm,512,100k,cold,1360.88,6399,6399,180,eac6ba6d-f3c2-4b66-9069-92ea86bf898b
2026-04-29T09:12:01Z,java-jvm,512,100k,cold,1085.26,5512,5512,180,d7abe0a2-5ae2-4761-a95b-7c43c89e42d5
2026-04-29T09:12:14Z,java-jvm,512,100k,cold,1121.40,5909,5909,178,03b5263f-e6d7-4564-b533-693917e75bb1
2026-04-29T09:12:27Z,java-jvm,512,100k,cold,1125.58,5746,5746,184,9a2ee2f3-00e9-4108-9527-0d93bec11f8e
2026-04-29T09:12:40Z,java-jvm,512,100k,cold,1116.70,5569,5569,178,187718e5-1315-419f-9f91-8baee36d770b
2026-04-29T09:12:53Z,java-jvm,512,100k,cold,1074.16,5479,5479,176,69fa6d4f-6f6e-4d52-8086-558285b262f3
2026-04-29T09:13:07Z,java-jvm,512,100k,cold,1389.49,6571,6571,178,912c3b56-7d54-4c63-a34f-bd9ad2ea91de
2026-04-29T09:13:20Z,java-jvm,512,100k,cold,1183.51,5798,5798,182,d4399f60-082e-4a2b-8abb-6c2c9ce6d6fd
2026-04-29T09:13:34Z,java-jvm,512,100k,cold,1450.65,6609,6609,178,edadc83c-fd6c-42a0-8ef1-a55e8a1b8a31
2026-04-29T09:13:47Z,java-jvm,512,100k,cold,1378.83,6423,6423,180,45804be0-15e2-43d3-a102-1b0e2c8dc5af
2026-04-29T09:14:01Z,java-jvm,512,100k,cold,1394.93,6394,6394,178,42ef523a-b975-4e04-bc37-0a46a52fd668
2026-04-29T09:14:03Z,java-jvm,512,100k,warm,,52,52,178,be9c15f9-e1f8-4e04-ac37-7df49fb878b3
2026-04-29T09:14:03Z,java-jvm,512,100k,warm,,40,40,178,7f47cd02-bbf8-451d-a777-8cba5c808bfa
2026-04-29T09:14:04Z,java-jvm,512,100k,warm,,31,31,178,32284de1-dc4f-460c-8a6f-462438658d7d
2026-04-29T09:14:05Z,java-jvm,512,100k,warm,,48,48,179,1fe38d23-2634-4cd1-8276-1a7cc8434f26
2026-04-29T09:14:06Z,java-jvm,512,100k,warm,,36,36,179,34e8579d-9a0c-422b-a199-39e9f36c9db8
2026-04-29T09:14:06Z,java-jvm,512,100k,warm,,44,44,179,23dc6dd1-c8a9-4b98-a7a6-b6f84ac29a29
2026-04-29T09:14:07Z,java-jvm,512,100k,warm,,44,44,179,4c5ec9d4-8c0c-453d-b1b8-b25eeeee73c6
2026-04-29T09:14:08Z,java-jvm,512,100k,warm,,44,44,179,8d12cafd-5ef2-4072-8beb-cb5cb130ad74
2026-04-29T09:14:08Z,java-jvm,512,100k,warm,,43,43,179,5eb895c8-b5cd-483d-b1be-a46b3c84c7ad
2026-04-29T09:14:09Z,java-jvm,512,100k,warm,,45,45,179,81c1edb5-e604-4c2e-b24d-0e12261f08c8
2026-04-29T09:14:10Z,java-jvm,512,100k,warm,,36,36,179,31c2fa61-3ee6-4bb1-8e80-69155c0b6130
2026-04-29T09:14:10Z,java-jvm,512,100k,warm,,37,37,179,bd71cc4b-1bf4-4ef2-846e-ec0d2ef033cd
2026-04-29T09:14:11Z,java-jvm,512,100k,warm,,43,43,179,0a8fc7e5-c376-4532-b816-a6c22af1267f
2026-04-29T09:14:12Z,java-jvm,512,100k,warm,,41,41,179,949e96bb-8c71-44cf-bc61-f17983515540
2026-04-29T09:14:12Z,java-jvm,512,100k,warm,,37,37,179,65764d38-87b0-4944-ab1a-13c9dc560e25
2026-04-29T09:14:13Z,java-jvm,512,100k,warm,,52,52,179,82bd9c9b-1fc8-4bb2-96ee-e0baf8af7276
2026-04-29T09:14:14Z,java-jvm,512,100k,warm,,52,52,179,ffb2b9d0-1e6d-49ab-8163-6ab5a6c9135c
2026-04-29T09:14:14Z,java-jvm,512,100k,warm,,34,34,179,c44023f6-d6da-4588-b833-e4fb9c9e171f
2026-04-29T09:14:15Z,java-jvm,512,100k,warm,,44,44,179,812e51cc-581f-435f-8ef5-a5e9ed9a3b08
2026-04-29T09:14:16Z,java-jvm,512,100k,warm,,22,22,179,9d3e40bd-3d97-4344-8b49-60b51b707b5c
2026-04-29T09:14:16Z,java-jvm,512,100k,warm,,45,45,179,8f6c397f-dff3-4114-a95e-2c3df09c634c
2026-04-29T09:14:17Z,java-jvm,512,100k,warm,,20,20,179,66598726-18ac-453b-ae09-c438e23539d2
2026-04-29T09:14:18Z,java-jvm,512,100k,warm,,44,44,179,4b137fd6-ed2c-4126-98e4-8a955258d463
2026-04-29T09:14:18Z,java-jvm,512,100k,warm,,36,36,179,be38a6f2-648c-4230-b20f-ecafa79271a9
2026-04-29T09:14:19Z,java-jvm,512,100k,warm,,29,29,180,c147cfbc-fcb1-4870-80ab-f29aac2cf028
2026-04-29T09:14:19Z,java-jvm,512,100k,warm,,17,17,180,5b8d3e24-f966-49d3-b09c-55e68fc3c929
2026-04-29T09:14:20Z,java-jvm,512,100k,warm,,21,21,180,5e61e703-c01f-4afc-a61b-e7474a68a2ef
2026-04-29T09:14:21Z,java-jvm,512,100k,warm,,17,17,180,a08357e3-499c-43a4-ad89-ea0a11c555f7
2026-04-29T09:14:21Z,java-jvm,512,100k,warm,,29,29,180,38782b42-1ea7-4fdc-865c-0ca4c2ecba8f
2026-04-29T09:14:22Z,java-jvm,512,100k,warm,,16,16,180,c747fe54-6257-4599-8a01-a741678544ae
2026-04-29T09:14:23Z,java-jvm,512,100k,warm,,18,18,180,72030144-7c10-4ec1-8e0b-f9841e53f0c7
2026-04-29T09:14:23Z,java-jvm,512,100k,warm,,25,25,180,4203ba68-9c87-46da-ae06-66f2f1c0929f
2026-04-29T09:14:24Z,java-jvm,512,100k,warm,,18,18,180,3f7552dd-0b2a-4216-bd58-c2c27acfa38f
2026-04-29T09:14:24Z,java-jvm,512,100k,warm,,30,30,180,ba0884cb-64d6-4356-b00b-3340ba066fb7
2026-04-29T09:14:25Z,java-jvm,512,100k,warm,,18,18,180,8b19d882-a9be-4785-8be5-7b3a792fc2a2
2026-04-29T09:14:26Z,java-jvm,512,100k,warm,,29,29,180,df7be648-7685-4b87-b12e-db8c495b9662
2026-04-29T09:14:26Z,java-jvm,512,100k,warm,,17,17,180,3980f1d6-2c2f-489a-afb5-948de38a7560
2026-04-29T09:14:27Z,java-jvm,512,100k,warm,,19,19,180,da15b869-02a2-45af-97c0-8ac5f3bae0cb
2026-04-29T09:14:28Z,java-jvm,512,100k,warm,,17,17,180,e4eff07d-6443-4d07-9e7f-f495c524768c
2026-04-29T09:14:28Z,java-jvm,512,100k,warm,,40,40,180,f0ce8817-5191-47ed-b539-9d1e4d94f7d7
2026-04-29T09:14:29Z,java-jvm,512,100k,warm,,24,24,180,30a51e8d-d40b-46c3-8edf-dd3487afb9bc
2026-04-29T09:14:30Z,java-jvm,512,100k,warm,,16,16,180,05b1b528-034c-4d22-aa41-e930a9f9d67e
2026-04-29T09:14:30Z,java-jvm,512,100k,warm,,22,22,180,54985793-2e1c-477c-b9a8-46069eeb1b77
2026-04-29T09:14:31Z,java-jvm,512,100k,warm,,18,18,180,d72a8d9b-3664-4ac2-98de-eb39adf36458
2026-04-29T09:14:31Z,java-jvm,512,100k,warm,,24,24,180,09af66a1-d35d-4782-8097-8f9fbe349afd
2026-04-29T09:14:32Z,java-jvm,512,100k,warm,,17,17,180,3ad71651-4316-4488-8e45-28f8f80a4f44
2026-04-29T09:14:33Z,java-jvm,512,100k,warm,,17,17,180,3c10238a-fc88-48d0-a4fc-9522b8f0548d
2026-04-29T09:14:33Z,java-jvm,512,100k,warm,,16,16,180,636de14a-6804-47a9-808c-54e3adbdfa14
2026-04-29T09:14:34Z,java-jvm,512,100k,warm,,18,18,180,62d17786-c479-491a-9360-46629c5e3b56
2026-04-29T09:14:34Z,java-jvm,512,100k,warm,,18,18,180,c28d156a-6780-470f-80a6-dc34a454593f
2026-04-29T09:14:48Z,java-jvm,512,1m,cold,1372.17,6451,6451,189,2eb4bbff-4daf-481c-a506-540175425de3
2026-04-29T09:15:02Z,java-jvm,512,1m,cold,1126.25,5878,5878,189,07b9f816-d201-4d04-8054-7eb6d158f183
2026-04-29T09:15:15Z,java-jvm,512,1m,cold,1164.07,6054,6054,184,79c71c6d-837d-4955-95ca-628b91764941
2026-04-29T09:15:28Z,java-jvm,512,1m,cold,1146.11,5815,5815,187,ac35973e-ad4e-415c-9f3f-ed8049486b6a
2026-04-29T09:15:41Z,java-jvm,512,1m,cold,1081.46,5692,5692,188,74d554f5-b42a-4f14-b3ff-78777b80df2a
2026-04-29T09:15:54Z,java-jvm,512,1m,cold,1074.12,5685,5685,188,06f99bbc-e8d7-4b68-a093-31d9dc4e445e
2026-04-29T09:16:08Z,java-jvm,512,1m,cold,1108.39,5948,5948,189,62e3a8b4-87c3-47ff-a347-8f17c764d748
2026-04-29T09:16:22Z,java-jvm,512,1m,cold,1424.76,6503,6503,184,11889010-774f-4c9e-9a94-bba4ebca3a50
2026-04-29T09:16:35Z,java-jvm,512,1m,cold,1077.65,5706,5706,186,76ccee51-77e7-485e-a260-b38027c94aa8
2026-04-29T09:16:48Z,java-jvm,512,1m,cold,1105.95,5962,5962,187,b065e6cd-8ff2-4b74-900b-a20aba1dd6a1
2026-04-29T09:17:02Z,java-jvm,512,1m,cold,1381.36,6667,6667,189,ab0b5de5-6c26-4154-8673-cd31202716c9
2026-04-29T09:17:15Z,java-jvm,512,1m,cold,1059.64,5332,5332,187,81cd211d-52ea-4f60-95b9-5fb9f161a463
2026-04-29T09:17:28Z,java-jvm,512,1m,cold,1080.38,5851,5851,187,d9e1d562-dcce-483b-aee2-0bd1b6476432
2026-04-29T09:17:41Z,java-jvm,512,1m,cold,1098.82,5728,5728,186,9f4705d8-dfd6-4e36-a58c-abd8c59d31a9
2026-04-29T09:17:54Z,java-jvm,512,1m,cold,1113.01,5704,5704,188,dc833cd8-de21-463d-82bb-5b54d610293e
2026-04-29T09:18:07Z,java-jvm,512,1m,cold,1077.75,5986,5986,188,f85ac5fc-8d4a-42ac-919c-2c880a29a2cb
2026-04-29T09:18:21Z,java-jvm,512,1m,cold,1443.20,6761,6761,186,75575e56-3453-47ac-83cc-1175054c22c4
2026-04-29T09:18:34Z,java-jvm,512,1m,cold,1073.39,5904,5904,189,56d04252-5618-4a27-9a23-8fd9de607966
2026-04-29T09:18:48Z,java-jvm,512,1m,cold,1085.00,5835,5835,189,0292d6b6-2dd0-4b8d-80ab-4910d25ff793
2026-04-29T09:19:00Z,java-jvm,512,1m,cold,1092.35,5563,5563,190,4b7716f1-2f23-4c2b-95da-b6ec50c03277
2026-04-29T09:19:14Z,java-jvm,512,1m,cold,1180.16,6524,6524,189,0000f847-3afa-4680-b9ef-fc18bac59bc0
2026-04-29T09:19:28Z,java-jvm,512,1m,cold,1118.27,5930,5930,186,99f3e2a8-fe6d-450b-8003-5f7004d78501
2026-04-29T09:19:41Z,java-jvm,512,1m,cold,1096.77,5748,5748,188,1bc739dd-08bb-423c-b988-b6b34e7d54c6
2026-04-29T09:19:54Z,java-jvm,512,1m,cold,1092.53,5713,5713,188,5f146642-5b30-4a2f-bd53-bee999e55f22
2026-04-29T09:20:08Z,java-jvm,512,1m,cold,1409.63,6689,6689,189,bacbacfa-39d7-4643-b8b5-6700e49e2893
2026-04-29T09:20:21Z,java-jvm,512,1m,cold,1051.69,5702,5702,186,19c545f1-0baa-474c-a40a-ea37b7575637
2026-04-29T09:20:34Z,java-jvm,512,1m,cold,1133.01,5901,5901,188,9bfe57e3-3d5a-4a6a-86df-4563dad9db3d
2026-04-29T09:20:47Z,java-jvm,512,1m,cold,1062.64,5673,5673,187,27d3badd-d981-41c8-962b-63751638199f
2026-04-29T09:21:00Z,java-jvm,512,1m,cold,1054.16,5525,5525,189,37e7fc67-3e5c-43da-85d5-544bfa0d6d18
2026-04-29T09:21:14Z,java-jvm,512,1m,cold,1114.70,6162,6162,188,bc746ea0-7c48-476c-8d7d-e09971cb7c04
2026-04-29T09:21:27Z,java-jvm,512,1m,cold,1116.67,5811,5811,187,3cfd32fc-7ed5-4603-996e-886ae2bcc115
2026-04-29T09:21:40Z,java-jvm,512,1m,cold,1053.81,5686,5686,187,6c9ed541-65eb-46ed-b373-fb4959e70a4b
2026-04-29T09:21:54Z,java-jvm,512,1m,cold,1413.79,6560,6560,188,2446f148-d257-4d34-964d-d91fd86069d8
2026-04-29T09:22:08Z,java-jvm,512,1m,cold,1402.96,6497,6497,190,b406d0ce-be0a-49eb-8109-04f60de167fa
2026-04-29T09:22:21Z,java-jvm,512,1m,cold,1114.76,5905,5905,189,69e3c081-cd88-4935-b102-2f2586232296
2026-04-29T09:22:34Z,java-jvm,512,1m,cold,1063.42,5690,5690,187,b2779155-ed11-4fb9-ab4b-6186a9473523
2026-04-29T09:22:47Z,java-jvm,512,1m,cold,1106.46,5774,5774,186,a1bc38b4-5d11-4e9d-a69d-ead94f2b38a6
2026-04-29T09:23:00Z,java-jvm,512,1m,cold,1086.44,5822,5822,190,8d8eada5-7060-4400-ae59-6a637abfc273
2026-04-29T09:23:13Z,java-jvm,512,1m,cold,1127.04,5881,5881,188,fa342d36-f3ec-451d-98bd-8703676a0086
2026-04-29T09:23:27Z,java-jvm,512,1m,cold,1419.37,6657,6657,187,2e84565c-1919-404a-9e8e-8a5cbc1e9e7e
2026-04-29T09:23:41Z,java-jvm,512,1m,cold,1064.31,5818,5818,188,c773aed7-70d3-4df6-ad73-c829b8429f5b
2026-04-29T09:23:53Z,java-jvm,512,1m,cold,1057.89,5611,5611,187,ea0453b8-5ca8-4c39-8954-88757cebbf72
2026-04-29T09:24:07Z,java-jvm,512,1m,cold,1054.78,5765,5765,187,773bc767-dbca-4a88-9646-313b4fc73f86
2026-04-29T09:24:20Z,java-jvm,512,1m,cold,1097.98,5897,5897,189,9b06b4d3-579f-47b4-b53e-2d3bbac898e9
2026-04-29T09:24:33Z,java-jvm,512,1m,cold,1140.05,5829,5829,188,0b92ac67-5712-46c5-b8e7-32d93475f928
2026-04-29T09:24:46Z,java-jvm,512,1m,cold,1064.39,5654,5654,191,7874d3f3-6338-4ff6-a285-19ca6b6dae0a
2026-04-29T09:25:00Z,java-jvm,512,1m,cold,1075.81,5568,5568,188,cb265725-d327-442d-b710-a26e50910a61
2026-04-29T09:25:13Z,java-jvm,512,1m,cold,1139.16,6229,6229,188,fb1992ad-bd5b-40f1-ad9a-8208f4d76ec6
2026-04-29T09:25:27Z,java-jvm,512,1m,cold,1475.74,6779,6779,187,12e5112e-e739-4a22-ad5a-eb485c379712
2026-04-29T09:25:41Z,java-jvm,512,1m,cold,1061.70,5710,5710,188,b811cff0-ff2a-4d66-aedf-c002d88830cc
2026-04-29T09:25:43Z,java-jvm,512,1m,warm,,106,106,194,af76c168-1675-4ac9-961b-391667648d2c
2026-04-29T09:25:44Z,java-jvm,512,1m,warm,,101,101,194,02cfca62-9626-4105-a547-296dae9b9bca
2026-04-29T09:25:45Z,java-jvm,512,1m,warm,,103,103,196,abc36b83-0a32-4f62-9071-4173a99860f8
2026-04-29T09:25:46Z,java-jvm,512,1m,warm,,120,120,197,d936c9b0-b932-4657-b556-ec8e5ff9366e
2026-04-29T09:25:47Z,java-jvm,512,1m,warm,,99,99,197,5b5210e6-1d6b-492e-9ec3-55659dbca30f
2026-04-29T09:25:48Z,java-jvm,512,1m,warm,,96,96,197,cb00a307-e93b-4449-921b-5c46dd749908
2026-04-29T09:25:49Z,java-jvm,512,1m,warm,,93,93,199,5e6f7ce3-aeb5-4a61-9622-4f771d691735
2026-04-29T09:25:49Z,java-jvm,512,1m,warm,,103,103,199,a4e12395-db32-45c1-b77c-c5ad84aa1b2e
2026-04-29T09:25:50Z,java-jvm,512,1m,warm,,107,107,199,9bd1db81-2fbd-4dd3-adc8-17e820a61678
2026-04-29T09:25:52Z,java-jvm,512,1m,warm,,106,106,200,0670a80e-ecdf-4218-9ac5-bed4238e99d4
2026-04-29T09:25:53Z,java-jvm,512,1m,warm,,101,101,200,aa35c8cf-c5b3-4143-88d8-76b55c53c2af
2026-04-29T09:25:54Z,java-jvm,512,1m,warm,,99,99,200,5c019ba5-5b7d-48b2-b538-04fa121e31ae
2026-04-29T09:25:55Z,java-jvm,512,1m,warm,,116,116,202,c6cb364d-9533-40d5-a197-e1590b0daabc
2026-04-29T09:25:55Z,java-jvm,512,1m,warm,,104,104,202,dd43ff48-b682-4745-aae2-fc02e20bb7d3
2026-04-29T09:25:56Z,java-jvm,512,1m,warm,,106,106,202,13ccef2f-e74a-4a15-9f42-5a1c1c72e40c
2026-04-29T09:25:57Z,java-jvm,512,1m,warm,,120,120,204,bf7c1a7d-acfd-4341-bd76-b8e498549e37
2026-04-29T09:25:58Z,java-jvm,512,1m,warm,,94,94,204,fb1d40c8-7442-4095-b8f7-782896ef5cac
2026-04-29T09:25:59Z,java-jvm,512,1m,warm,,98,98,204,d8264bbf-df96-43a4-84d0-00b79365acef
2026-04-29T09:26:00Z,java-jvm,512,1m,warm,,103,103,206,2fb3827d-85f8-4514-9778-97dc3670e4b8
2026-04-29T09:26:00Z,java-jvm,512,1m,warm,,99,99,206,1e1a9b6a-1030-4226-9fa4-4249d21d5662
2026-04-29T09:26:01Z,java-jvm,512,1m,warm,,102,102,206,bf6e79b1-00f6-4240-99fe-5f03fb121caf
2026-04-29T09:26:02Z,java-jvm,512,1m,warm,,99,99,208,01c96d3d-9550-44c2-b49a-47a51a3a899d
2026-04-29T09:26:03Z,java-jvm,512,1m,warm,,94,94,208,13776817-5c8b-451f-86f2-5a1983ff6a42
2026-04-29T09:26:04Z,java-jvm,512,1m,warm,,107,107,208,a8942692-ba0e-4080-b069-fdcfe966fa7a
2026-04-29T09:26:04Z,java-jvm,512,1m,warm,,110,110,210,fdbde871-9b19-4fea-9397-c0cd755dd38e
2026-04-29T09:26:05Z,java-jvm,512,1m,warm,,108,108,210,211bda02-1b46-4e47-a341-9566774deb8c
2026-04-29T09:26:06Z,java-jvm,512,1m,warm,,96,96,210,5dfc0fc4-12ae-4dc9-8d95-267d3b5c7976
2026-04-29T09:26:07Z,java-jvm,512,1m,warm,,86,86,212,e1fb6200-e83d-4013-a173-928a208f092e
2026-04-29T09:26:08Z,java-jvm,512,1m,warm,,104,104,212,a356c26c-2187-4224-a48a-3d9080f937aa
2026-04-29T09:26:09Z,java-jvm,512,1m,warm,,99,99,212,aac82a15-f0eb-4b4f-901b-8a269bcfd3a6
2026-04-29T09:26:09Z,java-jvm,512,1m,warm,,84,84,214,71e5f8ce-cdd8-49ae-9006-eb8e593bd55f
2026-04-29T09:26:10Z,java-jvm,512,1m,warm,,84,84,214,c27d774f-c6a7-463d-83dd-11b8cded3e35
2026-04-29T09:26:11Z,java-jvm,512,1m,warm,,94,94,214,3552a257-470a-4c81-83c7-c5ed703d0963
2026-04-29T09:26:12Z,java-jvm,512,1m,warm,,88,88,216,74292d6a-9c95-4e78-b66c-0b2471b2e7fb
2026-04-29T09:26:13Z,java-jvm,512,1m,warm,,84,84,216,a74d99a2-d598-421d-9aa5-f5cd25ec29c6
2026-04-29T09:26:13Z,java-jvm,512,1m,warm,,96,96,216,011b85ca-3734-43db-bb96-da37c5cae125
2026-04-29T09:26:14Z,java-jvm,512,1m,warm,,90,90,218,940fb861-3db6-44e3-91d6-7ba4defe700e
2026-04-29T09:26:15Z,java-jvm,512,1m,warm,,78,78,218,1a202b59-db95-4856-a9c6-d1dc0bd0ce58
2026-04-29T09:26:16Z,java-jvm,512,1m,warm,,83,83,218,9a49545c-2cf0-4a3e-bcda-7d51e87e49c7
2026-04-29T09:26:17Z,java-jvm,512,1m,warm,,107,107,219,ab259be0-fbf0-4a01-b57f-8706119c60e1
2026-04-29T09:26:18Z,java-jvm,512,1m,warm,,85,85,219,0373898b-98a8-42bd-ac30-6231899140a1
2026-04-29T09:26:18Z,java-jvm,512,1m,warm,,89,89,219,7bd58606-d630-48f8-84dc-040592c30f11
2026-04-29T09:26:19Z,java-jvm,512,1m,warm,,82,82,221,aebf5d7b-733e-40ac-927f-3389c89b52fe
2026-04-29T09:26:20Z,java-jvm,512,1m,warm,,87,87,221,3e411c5f-f33f-4cc5-8f79-47ec43eeae4a
2026-04-29T09:26:21Z,java-jvm,512,1m,warm,,102,102,221,9bba035f-ccc2-47a8-8c6f-84bc45efc6fd
2026-04-29T09:26:21Z,java-jvm,512,1m,warm,,98,98,223,2e426e44-233f-4099-8e22-02e43ffd15c5
2026-04-29T09:26:22Z,java-jvm,512,1m,warm,,90,90,223,0002be79-0eb7-4c61-bb34-9d297db34aff
2026-04-29T09:26:23Z,java-jvm,512,1m,warm,,89,89,223,99bf9848-2b49-4857-a10a-010c96a209a5
2026-04-29T09:26:24Z,java-jvm,512,1m,warm,,94,94,225,e7a4d090-9933-4b0f-905b-7b077b5589fe
2026-04-29T09:26:25Z,java-jvm,512,1m,warm,,86,86,225,ed38af4c-58d0-46b6-b9db-f7f6d019d55d
2026-04-29T09:26:35Z,java-jvm,1024,1k,cold,1029.58,3136,3136,178,ebe1f023-027f-4362-bacf-3a77a277b5e5
2026-04-29T09:26:46Z,java-jvm,1024,1k,cold,1100.09,3299,3299,178,ee4371ec-96e1-4bea-a877-cfd40f214c96
2026-04-29T09:26:56Z,java-jvm,1024,1k,cold,1097.99,3275,3275,177,c542f51c-604e-4f42-8a04-3cbd145fe32a
2026-04-29T09:27:07Z,java-jvm,1024,1k,cold,1407.77,3823,3823,180,2c564e08-2a38-495c-b9e9-4390cbfc0d0f
2026-04-29T09:27:18Z,java-jvm,1024,1k,cold,1103.54,3380,3380,180,ecad452b-0600-49ea-9ed9-3dfb13f2474b
2026-04-29T09:27:29Z,java-jvm,1024,1k,cold,1418.93,3794,3794,182,b6dfa378-045b-4b0d-9115-740854803cc9
2026-04-29T09:27:40Z,java-jvm,1024,1k,cold,1359.99,3785,3785,180,2ed814e3-db69-4c6b-ace0-caff46f0b42a
2026-04-29T09:27:51Z,java-jvm,1024,1k,cold,1370.46,3753,3753,178,fa4bb6ab-ec58-4fd2-ada6-6e1e59ad04cb
2026-04-29T09:28:01Z,java-jvm,1024,1k,cold,1041.02,3216,3216,179,9f6a00bb-79dd-42ed-949b-bc6d15994992
2026-04-29T09:28:12Z,java-jvm,1024,1k,cold,1133.07,3446,3446,180,afbe12d8-aec2-4c02-9391-f329f30ddceb
2026-04-29T09:28:22Z,java-jvm,1024,1k,cold,1098.71,3237,3237,179,404e9fda-8329-4795-9249-86128cf62d24
2026-04-29T09:28:33Z,java-jvm,1024,1k,cold,1081.29,3317,3317,178,5a4a2791-67f1-4933-a739-cc8bf7dd5dc3
2026-04-29T09:28:43Z,java-jvm,1024,1k,cold,1048.71,3132,3132,178,49aba6e6-0cf9-4f8d-9aed-889b650d4e1d
2026-04-29T09:28:54Z,java-jvm,1024,1k,cold,1393.32,3810,3810,178,9b1e7af6-6cf9-498f-bb81-493824ecfc5f
2026-04-29T09:29:05Z,java-jvm,1024,1k,cold,1146.38,3448,3448,179,d5b2fa15-fb46-440c-82e8-e6530edb6ac7
2026-04-29T09:29:16Z,java-jvm,1024,1k,cold,1453.08,3923,3923,180,45e15f79-91ab-44e3-adc6-73d15ead911f
2026-04-29T09:29:26Z,java-jvm,1024,1k,cold,1060.62,3226,3226,179,b1f600a9-2792-4b65-8e11-649c694330b9
2026-04-29T09:29:37Z,java-jvm,1024,1k,cold,1432.43,3832,3832,178,8f55c4ab-3bc4-49f3-ac50-d6cf32c387bb
2026-04-29T09:29:48Z,java-jvm,1024,1k,cold,1114.38,3280,3280,179,57f5d272-eed1-42e4-b0f0-2d13484320c0
2026-04-29T09:29:58Z,java-jvm,1024,1k,cold,1060.72,3135,3135,177,52817126-0c6d-4239-9edd-24cc5ad8cfef
2026-04-29T09:30:09Z,java-jvm,1024,1k,cold,1178.65,3446,3446,179,baa48b75-bb1e-459e-bb14-3e4b67884846
2026-04-29T09:30:19Z,java-jvm,1024,1k,cold,1099.83,3294,3294,179,a1d2704b-bc49-4aaf-a69c-a57fb62286fa
2026-04-29T09:30:29Z,java-jvm,1024,1k,cold,1168.25,3339,3339,178,8f6810ce-e95a-440a-a2ed-550c29a27a7a
2026-04-29T09:30:40Z,java-jvm,1024,1k,cold,1092.81,3214,3214,178,edfac9b6-2575-42da-a002-dbff12437dea
2026-04-29T09:30:51Z,java-jvm,1024,1k,cold,1458.65,3877,3877,180,2d9804ba-7b18-4337-95f7-4f4c8f42627d
2026-04-29T09:31:01Z,java-jvm,1024,1k,cold,1059.03,3261,3261,176,b8a84b9e-904d-4655-8937-9ac8d899b2c1
2026-04-29T09:31:13Z,java-jvm,1024,1k,cold,1406.41,3879,3879,180,0c45f85b-ef14-4b9e-9154-db55b4770adc
2026-04-29T09:31:23Z,java-jvm,1024,1k,cold,1376.43,3787,3787,174,3f92418d-7eb1-4bd6-b962-eb40aad07978
2026-04-29T09:31:34Z,java-jvm,1024,1k,cold,1112.79,3249,3249,176,9e4dc2b6-1ebc-4b66-ad0a-588cc9e0353f
2026-04-29T09:31:44Z,java-jvm,1024,1k,cold,1113.14,3312,3312,180,af8f6b63-566c-4800-85a4-c82dff6a77e8
2026-04-29T09:31:55Z,java-jvm,1024,1k,cold,1035.51,3179,3179,178,fd6e7001-fbd9-4db0-a037-2d7675b53f90
2026-04-29T09:32:06Z,java-jvm,1024,1k,cold,1406.17,3820,3820,178,a41b4b24-5288-4181-929d-a431a484ed47
2026-04-29T09:32:16Z,java-jvm,1024,1k,cold,1088.71,3292,3292,178,e04451ce-ec19-4064-93c1-f10fc769906c
2026-04-29T09:32:27Z,java-jvm,1024,1k,cold,1116.35,3282,3282,179,2ce5e886-597d-4868-8796-6ed77f64f809
2026-04-29T09:32:37Z,java-jvm,1024,1k,cold,1086.87,3323,3323,177,9c3fb1b7-6bd7-444d-8311-aad5163812b9
2026-04-29T09:32:48Z,java-jvm,1024,1k,cold,1073.36,3207,3207,179,0674231f-06fa-4cee-b7de-67da11d7cb6b
2026-04-29T09:32:58Z,java-jvm,1024,1k,cold,1026.91,3131,3131,180,b49b7354-7b44-4c6e-8ff6-2a6742a98f2d
2026-04-29T09:33:09Z,java-jvm,1024,1k,cold,1120.33,3391,3391,178,0590b659-c2ac-4221-bb5b-e52d3b774fed
2026-04-29T09:33:19Z,java-jvm,1024,1k,cold,1111.19,3359,3359,179,d14dae41-3ded-450e-96b3-dd536b28e66a
2026-04-29T09:33:30Z,java-jvm,1024,1k,cold,1391.12,3806,3806,176,a327f8af-7f62-434f-98a5-d175132a4b2a
2026-04-29T09:33:41Z,java-jvm,1024,1k,cold,1484.93,3930,3930,182,0aac0b93-9747-4e89-aaae-8d0e357c5aa1
2026-04-29T09:33:52Z,java-jvm,1024,1k,cold,1408.05,3805,3805,180,c33dd03d-03e9-48b1-929b-67751d0b1f63
2026-04-29T09:34:03Z,java-jvm,1024,1k,cold,1093.34,3286,3286,180,abe679e2-5f72-4ea3-8164-b9e5e48e486f
2026-04-29T09:34:13Z,java-jvm,1024,1k,cold,1108.03,3334,3334,179,926e767e-d0b8-4bd4-a84d-74d7e15e373b
2026-04-29T09:34:24Z,java-jvm,1024,1k,cold,1449.47,3842,3842,180,823e3404-460e-454c-945a-20dd3e29f3f5
2026-04-29T09:34:35Z,java-jvm,1024,1k,cold,1061.14,3177,3177,179,c2e67085-0482-433d-a368-2411df4bb3fc
2026-04-29T09:34:45Z,java-jvm,1024,1k,cold,1082.34,3173,3173,181,65aff1f4-539d-4b52-a8eb-1d94c5b610fe
2026-04-29T09:34:56Z,java-jvm,1024,1k,cold,1086.50,3217,3217,179,a8ad09d5-2290-4022-b94b-ecb93daca7e7
2026-04-29T09:35:06Z,java-jvm,1024,1k,cold,1127.77,3409,3409,180,76762f6f-546c-47ca-8805-f46e5adc8e75
2026-04-29T09:35:17Z,java-jvm,1024,1k,cold,1087.33,3267,3267,182,0d2d38af-7b66-40ce-a853-7dd3c12da471
2026-04-29T09:35:19Z,java-jvm,1024,1k,warm,,15,15,182,75d16932-7a5a-4271-9e96-1f42054fab75
2026-04-29T09:35:19Z,java-jvm,1024,1k,warm,,15,15,182,d6d9f1fd-de14-4013-af2b-4aaa1dea302d
2026-04-29T09:35:20Z,java-jvm,1024,1k,warm,,16,16,182,2a5051f6-9f66-438f-8869-afc0d619afe2
2026-04-29T09:35:20Z,java-jvm,1024,1k,warm,,16,16,182,41cddb61-a426-4a05-9a2b-4af326ed289c
2026-04-29T09:35:21Z,java-jvm,1024,1k,warm,,23,23,183,4b5bcf78-e911-478c-9988-0bae4b5a7745
2026-04-29T09:35:21Z,java-jvm,1024,1k,warm,,14,14,183,abd519c2-0673-4eb3-a1fd-70753328fbd5
2026-04-29T09:35:22Z,java-jvm,1024,1k,warm,,15,15,183,b80e6f92-1bbf-4028-8096-bcd6b93572ba
2026-04-29T09:35:23Z,java-jvm,1024,1k,warm,,15,15,183,aa793059-c07d-422c-86e7-512e0ebdc347
2026-04-29T09:35:23Z,java-jvm,1024,1k,warm,,16,16,183,6a556d5f-d71c-46ee-b726-2303cf070264
2026-04-29T09:35:24Z,java-jvm,1024,1k,warm,,14,14,183,78431659-bf96-48eb-9ccd-8ebe087ffcfd
2026-04-29T09:35:24Z,java-jvm,1024,1k,warm,,18,18,183,cebb8396-882b-4190-bcb8-f2b616cbeefa
2026-04-29T09:35:25Z,java-jvm,1024,1k,warm,,14,14,183,7694be86-1230-4fd4-966a-5bde78e3de22
2026-04-29T09:35:26Z,java-jvm,1024,1k,warm,,27,27,183,d0c56db9-4e85-4ec7-a61d-0129aee6ed80
2026-04-29T09:35:26Z,java-jvm,1024,1k,warm,,14,14,183,cb18368c-ca7b-4b9f-b414-7bbb66ca26f2
2026-04-29T09:35:27Z,java-jvm,1024,1k,warm,,14,14,183,e8a94ee5-5ee2-47b1-8d7f-727da7f9210f
2026-04-29T09:35:27Z,java-jvm,1024,1k,warm,,15,15,183,2847ad15-9826-4cf2-a49c-0148c1896c69
2026-04-29T09:35:28Z,java-jvm,1024,1k,warm,,17,17,183,8959806e-0e02-4d67-9fbf-665398292866
2026-04-29T09:35:28Z,java-jvm,1024,1k,warm,,14,14,183,1bb90a17-3264-4de8-a481-34250bd85375
2026-04-29T09:35:29Z,java-jvm,1024,1k,warm,,15,15,183,0407de0f-a5b4-4f50-971c-30a7c60f09b3
2026-04-29T09:35:30Z,java-jvm,1024,1k,warm,,12,12,183,c19f6009-4ac5-4b1c-93af-73eaf0eac569
2026-04-29T09:35:30Z,java-jvm,1024,1k,warm,,13,13,183,4de49ba5-814d-4fe7-9d91-405de983e9c0
2026-04-29T09:35:31Z,java-jvm,1024,1k,warm,,13,13,184,c906a099-e271-41df-b206-96baf95602d5
2026-04-29T09:35:31Z,java-jvm,1024,1k,warm,,13,13,184,7f70ead9-5c96-4719-86cb-3bbb190ef17a
2026-04-29T09:35:32Z,java-jvm,1024,1k,warm,,14,14,184,4249152f-47c2-4e8a-bf90-a09b63700c00
2026-04-29T09:35:33Z,java-jvm,1024,1k,warm,,14,14,184,40db6928-7b8e-445e-8209-34c71386ec0e
2026-04-29T09:35:33Z,java-jvm,1024,1k,warm,,14,14,184,a9130d14-40f4-4c50-94d3-661ca1bca4b6
2026-04-29T09:35:34Z,java-jvm,1024,1k,warm,,13,13,184,32f0c41e-2c5b-475b-b2d3-2a27a834f509
2026-04-29T09:35:34Z,java-jvm,1024,1k,warm,,13,13,184,420529fa-eb07-457d-99ed-23529f1ae896
2026-04-29T09:35:35Z,java-jvm,1024,1k,warm,,14,14,184,9e0689aa-e2f1-4fb8-8fa9-ac6d34b98e60
2026-04-29T09:35:35Z,java-jvm,1024,1k,warm,,13,13,184,a15a2a62-d9be-4648-b023-e8d8db49c045
2026-04-29T09:35:36Z,java-jvm,1024,1k,warm,,13,13,184,6a93b37c-ca92-429c-b347-3f9c2f88874d
2026-04-29T09:35:37Z,java-jvm,1024,1k,warm,,14,14,184,e12798d2-8f8d-48c0-8c2b-183a5cf7c81e
2026-04-29T09:35:37Z,java-jvm,1024,1k,warm,,12,12,184,5eee46c5-64cd-4930-8ed3-c41f102a5326
2026-04-29T09:35:38Z,java-jvm,1024,1k,warm,,14,14,184,bb0f85ac-d7d2-4ab6-90f2-1eb5f8c62799
2026-04-29T09:35:38Z,java-jvm,1024,1k,warm,,13,13,184,9b2c6fa2-da76-4f7c-943a-7d0e0cf24e84
2026-04-29T09:35:39Z,java-jvm,1024,1k,warm,,14,14,184,b0c38fbd-03d0-4a44-9b9c-a3dd644c7bd0
2026-04-29T09:35:40Z,java-jvm,1024,1k,warm,,13,13,184,24c6accc-458a-4730-a4a2-55d9faafe33c
2026-04-29T09:35:40Z,java-jvm,1024,1k,warm,,13,13,184,8abb2f83-b7b3-487a-9694-f83b48c731ce
2026-04-29T09:35:41Z,java-jvm,1024,1k,warm,,13,13,184,ec798112-efd8-45b3-8318-b38dab080b14
2026-04-29T09:35:41Z,java-jvm,1024,1k,warm,,20,20,184,d1758674-a87d-4665-ab9e-2e72f71093eb
2026-04-29T09:35:42Z,java-jvm,1024,1k,warm,,13,13,184,8fe4e0d6-c72a-4611-ac67-347c5aefeb6f
2026-04-29T09:35:42Z,java-jvm,1024,1k,warm,,13,13,184,d51463ab-f02e-4fcb-b9bf-8b539991da18
2026-04-29T09:35:43Z,java-jvm,1024,1k,warm,,13,13,184,3914b664-b1fe-40e2-97cb-12075b249500
2026-04-29T09:35:44Z,java-jvm,1024,1k,warm,,12,12,184,64a20b77-c720-4526-beae-c7f79878328b
2026-04-29T09:35:44Z,java-jvm,1024,1k,warm,,15,15,184,c08075be-8ece-4f6c-b285-0c0714b3beb5
2026-04-29T09:35:45Z,java-jvm,1024,1k,warm,,12,12,184,3ed3c2b3-4790-4944-ae86-c63bdf2259a8
2026-04-29T09:35:45Z,java-jvm,1024,1k,warm,,13,13,184,d70c3fc1-31de-4e7c-8c8d-a111fd88be64
2026-04-29T09:35:46Z,java-jvm,1024,1k,warm,,14,14,184,ef39b72c-a3f0-43ed-a7dc-5fafbfdbe387
2026-04-29T09:35:46Z,java-jvm,1024,1k,warm,,13,13,184,83ae4eb8-b7d6-4235-82a7-61d546399d2f
2026-04-29T09:35:47Z,java-jvm,1024,1k,warm,,14,14,184,99ab3dab-8909-47fa-a84a-946afd84e59a
2026-04-29T09:35:58Z,java-jvm,1024,100k,cold,1085.49,3342,3342,181,7036b5e5-9b4b-43d0-956d-a6255eb462b4
2026-04-29T09:36:09Z,java-jvm,1024,100k,cold,1449.37,3923,3923,181,e137e351-1ee9-460b-8fa8-804e5a7c8133
2026-04-29T09:36:20Z,java-jvm,1024,100k,cold,1067.58,3267,3267,181,83fdfe3b-9c1b-4905-8c98-57324d0857bc
2026-04-29T09:36:30Z,java-jvm,1024,100k,cold,1082.33,3341,3341,180,2eb556ee-ec75-4b50-a5e1-f72e4ece68a8
2026-04-29T09:36:41Z,java-jvm,1024,100k,cold,1069.10,3190,3190,180,ca8c3860-e306-457c-ba79-42278580b7a9
2026-04-29T09:36:51Z,java-jvm,1024,100k,cold,1075.80,3226,3226,181,2cfe33de-d883-4487-ac6b-e942d5e1cd29
2026-04-29T09:37:02Z,java-jvm,1024,100k,cold,1147.07,3378,3378,171,8adcc326-fbcd-46f9-aa36-c4ac69eecab7
2026-04-29T09:37:12Z,java-jvm,1024,100k,cold,1110.34,3500,3500,181,24959622-4edb-496e-9d8e-3ad20a535d29
2026-04-29T09:37:23Z,java-jvm,1024,100k,cold,1059.50,3249,3249,183,9e35aaf0-25eb-41de-b2db-7f906f8ffd13
2026-04-29T09:37:34Z,java-jvm,1024,100k,cold,1064.23,3252,3252,179,e1093232-eab6-403f-b5a5-07ce2092cde5
2026-04-29T09:37:44Z,java-jvm,1024,100k,cold,1068.58,3250,3250,181,a6dfa3d2-cf4d-4232-b37a-8048b337d4c6
2026-04-29T09:37:55Z,java-jvm,1024,100k,cold,1376.67,3742,3742,177,0a989255-4d37-4c9e-b35d-158b15cdb9b1
2026-04-29T09:38:06Z,java-jvm,1024,100k,cold,1449.79,3903,3903,181,fa98773b-5f7e-4f94-9869-042369720d2d
2026-04-29T09:38:17Z,java-jvm,1024,100k,cold,1354.49,3723,3723,181,e8207543-6f8b-4d87-a4e8-0d948b598b22
2026-04-29T09:38:28Z,java-jvm,1024,100k,cold,1048.99,3298,3298,177,886d96fb-a6a3-4df5-8473-9e365861b73a
2026-04-29T09:38:38Z,java-jvm,1024,100k,cold,1108.89,3295,3295,179,619d6fb1-3dbc-4c84-bd0a-b085e29c63d0
2026-04-29T09:38:49Z,java-jvm,1024,100k,cold,1061.14,3199,3199,181,8a2ae1d6-308d-4a8c-9d40-e459fd78d426
2026-04-29T09:38:59Z,java-jvm,1024,100k,cold,1071.30,3288,3288,181,76dac7e5-f51f-47f0-ac53-6ceaa1847bef
2026-04-29T09:39:10Z,java-jvm,1024,100k,cold,1069.09,3361,3361,179,31f2d705-d3de-4e05-9944-740dd4948e30
2026-04-29T09:39:20Z,java-jvm,1024,100k,cold,1128.23,3378,3378,180,bb486b97-7784-4a38-95a3-41cfa1f04ee4
2026-04-29T09:39:31Z,java-jvm,1024,100k,cold,1410.25,3797,3797,179,11560c05-7b3a-45d7-a4d7-ffd9615a731a
2026-04-29T09:39:42Z,java-jvm,1024,100k,cold,1038.38,3187,3187,181,50168e80-061f-4eb9-9810-d74e64313438
2026-04-29T09:39:52Z,java-jvm,1024,100k,cold,1087.07,3240,3240,179,264e8c71-57c0-46f4-b09f-c1b0d4cfd839
2026-04-29T09:40:04Z,java-jvm,1024,100k,cold,1432.67,3925,3925,185,19f2ccf1-5745-4e93-b953-32b7aafaa79f
2026-04-29T09:40:15Z,java-jvm,1024,100k,cold,1161.92,3527,3527,179,0b212240-4ee3-4c5c-9f46-0621a863c8d8
2026-04-29T09:40:25Z,java-jvm,1024,100k,cold,1089.34,3224,3224,179,443c2a11-3243-4890-9386-88b1552621d0
2026-04-29T09:40:36Z,java-jvm,1024,100k,cold,1062.22,3232,3232,185,091147da-3db8-41a9-975c-dfb86162b48b
2026-04-29T09:40:47Z,java-jvm,1024,100k,cold,1381.45,3737,3737,179,64ae379d-a9f3-482d-891a-905bae13670b
2026-04-29T09:40:57Z,java-jvm,1024,100k,cold,1091.50,3184,3184,183,8a9ebe2d-4a7a-48c5-a24c-e0005b475b9c
2026-04-29T09:41:08Z,java-jvm,1024,100k,cold,1125.85,3325,3325,181,dae83cd5-ec7d-4469-a90d-c4c3eac9c7d6
2026-04-29T09:41:19Z,java-jvm,1024,100k,cold,1402.35,3817,3817,179,ace51455-b5c4-4d18-b840-90997a2615de
2026-04-29T09:41:30Z,java-jvm,1024,100k,cold,1060.18,3228,3228,179,9d16455b-93af-4bb2-811d-9f6c023bf644
2026-04-29T09:41:41Z,java-jvm,1024,100k,cold,1372.97,3788,3788,181,4941a70b-f6f2-4286-9e94-6d5fad52274a
2026-04-29T09:41:52Z,java-jvm,1024,100k,cold,1069.20,3304,3304,181,bb95bb9e-d071-498a-a39b-5b5b3aad6b74
2026-04-29T09:42:02Z,java-jvm,1024,100k,cold,1070.18,3261,3261,180,91cf1249-6e81-44db-8c06-9a0325896ef7
2026-04-29T09:42:13Z,java-jvm,1024,100k,cold,1070.73,3315,3315,180,942d3383-d771-41d3-a95b-5acdc2505aab
2026-04-29T09:42:23Z,java-jvm,1024,100k,cold,1074.27,3214,3214,181,743fccec-4b6b-41bc-8e89-d0701abe6259
2026-04-29T09:42:33Z,java-jvm,1024,100k,cold,1067.99,3195,3195,179,d5964b1f-f8fa-47f5-9ee4-b5fcae422fed
2026-04-29T09:42:45Z,java-jvm,1024,100k,cold,1397.92,3821,3821,183,54de3972-0f0c-49f5-8102-b02afa216fcc
2026-04-29T09:42:56Z,java-jvm,1024,100k,cold,1404.74,3802,3802,181,5b382c27-06c9-4836-9c9b-84cc1d810994
2026-04-29T09:43:07Z,java-jvm,1024,100k,cold,1397.20,3911,3911,177,9cc19b3d-0bd8-4a33-9ca8-acd3cd6a14fc
2026-04-29T09:43:18Z,java-jvm,1024,100k,cold,1479.01,4031,4031,177,ed6ff9e3-3295-4280-842b-45c724fae642
2026-04-29T09:43:29Z,java-jvm,1024,100k,cold,1071.22,3326,3326,177,20d3d847-7d8b-4e85-b1b5-b1f7b73edbb1
2026-04-29T09:43:40Z,java-jvm,1024,100k,cold,1419.08,3862,3862,181,1b86bc22-b5b3-4794-b4a4-c93800cc9fe8
2026-04-29T09:43:51Z,java-jvm,1024,100k,cold,1361.20,3770,3770,181,1dab4b9e-9076-483a-afc9-ea84f8d2637a
2026-04-29T09:44:01Z,java-jvm,1024,100k,cold,1087.68,3241,3241,181,a0d2351a-b9cc-4972-8ea5-0a89c79655e4
2026-04-29T09:44:12Z,java-jvm,1024,100k,cold,1084.44,3387,3387,179,30688a75-0d55-437b-ba06-bde0abfffe9f
2026-04-29T09:44:23Z,java-jvm,1024,100k,cold,1106.36,3373,3373,180,53f410c3-dc19-48c7-affa-5f35f4ab38bc
2026-04-29T09:44:33Z,java-jvm,1024,100k,cold,1052.96,3155,3155,180,a563938a-ceff-4cc2-8d78-fe8bb01a32b5
2026-04-29T09:44:44Z,java-jvm,1024,100k,cold,1076.03,3271,3271,179,5b8d3370-f13b-4c13-b916-24bf45f613f7
2026-04-29T09:44:46Z,java-jvm,1024,100k,warm,,25,25,180,ddd0f8b2-b4ef-4a46-a0be-4fddbda4800e
2026-04-29T09:44:47Z,java-jvm,1024,100k,warm,,18,18,180,49bf3080-19c9-4fb6-aa9c-58185d35e62a
2026-04-29T09:44:47Z,java-jvm,1024,100k,warm,,19,19,180,00fe84bc-c73c-4f5c-a697-5d6a1356c61c
2026-04-29T09:44:48Z,java-jvm,1024,100k,warm,,19,19,180,f703ad5a-c5a1-43e0-a561-a0598fb9481b
2026-04-29T09:44:49Z,java-jvm,1024,100k,warm,,22,22,180,ff6e28ce-a0bb-41c2-b7a5-2779ccbf79a8
2026-04-29T09:44:49Z,java-jvm,1024,100k,warm,,17,17,180,3ac46488-80e6-4d7c-8658-abcf3d124405
2026-04-29T09:44:50Z,java-jvm,1024,100k,warm,,23,23,180,aa7e576d-1254-4f01-bba2-dcd13838737d
2026-04-29T09:44:51Z,java-jvm,1024,100k,warm,,20,20,180,c4a7a8c1-bce4-40ca-8760-8db8c7da8f21
2026-04-29T09:44:51Z,java-jvm,1024,100k,warm,,16,16,180,09fe6674-48ff-4732-ac05-e91d98c466ec
2026-04-29T09:44:52Z,java-jvm,1024,100k,warm,,17,17,180,2b2cee1d-c1e5-4539-8b08-3bdf3762473f
2026-04-29T09:44:53Z,java-jvm,1024,100k,warm,,16,16,180,f0abce3b-b721-4a22-9497-d29678be988c
2026-04-29T09:44:53Z,java-jvm,1024,100k,warm,,16,16,180,e64837e8-a554-413b-9c0a-482839b2cf92
2026-04-29T09:44:54Z,java-jvm,1024,100k,warm,,16,16,180,c683df53-5c35-43a8-b1b4-21fa398d091a
2026-04-29T09:44:55Z,java-jvm,1024,100k,warm,,18,18,181,3fa474df-58c7-4b68-ba44-dc8374bf0eb4
2026-04-29T09:44:55Z,java-jvm,1024,100k,warm,,20,20,181,2372cef6-390e-4ad5-ac84-aa3fd994abc8
2026-04-29T09:44:56Z,java-jvm,1024,100k,warm,,15,15,181,6701c6ed-f92c-4849-96ce-3447c98e694e
2026-04-29T09:44:57Z,java-jvm,1024,100k,warm,,16,16,181,643bb563-62b6-4103-accc-a1493007074d
2026-04-29T09:44:57Z,java-jvm,1024,100k,warm,,16,16,181,5456bba8-a71b-4889-bcb3-2e72fdfb2d49
2026-04-29T09:44:58Z,java-jvm,1024,100k,warm,,16,16,181,bd0e06a7-5e5a-4451-bb02-1d107a6a337a
2026-04-29T09:44:58Z,java-jvm,1024,100k,warm,,15,15,181,377bb5a2-99bb-48b8-baa0-bcd1146f3b5f
2026-04-29T09:44:59Z,java-jvm,1024,100k,warm,,18,18,181,60b86ec2-9eeb-4744-85fa-70b99875dcee
2026-04-29T09:45:00Z,java-jvm,1024,100k,warm,,16,16,181,8c7cdfbd-9388-4cec-b81c-8d2873ebc7dc
2026-04-29T09:45:00Z,java-jvm,1024,100k,warm,,16,16,181,8d493cb7-bf04-497a-9a8f-bf6756e50155
2026-04-29T09:45:01Z,java-jvm,1024,100k,warm,,21,21,181,c1da3653-bfec-4972-ab6a-dda57264661c
2026-04-29T09:45:02Z,java-jvm,1024,100k,warm,,16,16,181,39df36e0-8246-4808-bda7-3d149c2481e0
2026-04-29T09:45:02Z,java-jvm,1024,100k,warm,,16,16,181,7e65ea16-73c5-40d7-a7e4-dc4a759abc5e
2026-04-29T09:45:03Z,java-jvm,1024,100k,warm,,18,18,181,4fe378fe-ad16-47d2-ba1d-bfa7e3397631
2026-04-29T09:45:04Z,java-jvm,1024,100k,warm,,15,15,181,e5a59d92-5c4d-4222-ab2f-526eeb20a817
2026-04-29T09:45:04Z,java-jvm,1024,100k,warm,,16,16,181,2db4b1bd-2704-42ff-8d32-225d2dbdef5b
2026-04-29T09:45:05Z,java-jvm,1024,100k,warm,,16,16,181,034886ae-b175-40a0-b5ae-384b691babef
2026-04-29T09:45:06Z,java-jvm,1024,100k,warm,,15,15,181,6931fdce-288b-489f-9b03-b5adc70e5a87
2026-04-29T09:45:06Z,java-jvm,1024,100k,warm,,16,16,181,5c993eba-61b9-48b7-b488-4c1aa61f3d6e
2026-04-29T09:45:07Z,java-jvm,1024,100k,warm,,16,16,181,4c4a5530-bdde-46a5-b070-6f166e651a84
2026-04-29T09:45:08Z,java-jvm,1024,100k,warm,,17,17,181,b573b9b2-ba91-4fbc-b95a-ba70b42a164a
2026-04-29T09:45:08Z,java-jvm,1024,100k,warm,,17,17,181,e046f1fc-a72f-4690-b042-3d2e7a34bfb4
2026-04-29T09:45:09Z,java-jvm,1024,100k,warm,,15,15,181,200f1302-87da-4cd7-b843-3607e8a714f0
2026-04-29T09:45:10Z,java-jvm,1024,100k,warm,,14,14,181,cb5ea9ad-5709-453f-a399-a762a909d276
2026-04-29T09:45:10Z,java-jvm,1024,100k,warm,,17,17,181,4a5d7294-7a5e-4364-aa64-e4e45516d154
2026-04-29T09:45:11Z,java-jvm,1024,100k,warm,,16,16,181,b6c4fd69-96a3-48b7-8357-fa21a9293cf8
2026-04-29T09:45:12Z,java-jvm,1024,100k,warm,,24,24,181,f643589b-bf55-4e7a-86df-794c8326c213
2026-04-29T09:45:12Z,java-jvm,1024,100k,warm,,16,16,181,21a2cff8-15de-4792-a8bd-2438e71d9b79
2026-04-29T09:45:13Z,java-jvm,1024,100k,warm,,16,16,181,7fd7e62b-d229-448b-9c2c-dcc9ff720d10
2026-04-29T09:45:14Z,java-jvm,1024,100k,warm,,16,16,181,b5425fd0-05ed-4965-9036-d93ce66268ff
2026-04-29T09:45:14Z,java-jvm,1024,100k,warm,,15,15,181,0ea5cb4b-ed04-43dd-86b9-10f9dfd1ef9b
2026-04-29T09:45:15Z,java-jvm,1024,100k,warm,,19,19,181,6076f351-aae9-4b48-ba25-c16192197d2a
2026-04-29T09:45:15Z,java-jvm,1024,100k,warm,,16,16,181,fa2ee784-854c-452a-8b8f-fce16142859c
2026-04-29T09:45:16Z,java-jvm,1024,100k,warm,,15,15,181,24a9e7ad-1d2b-4564-b496-588be5f2b176
2026-04-29T09:45:17Z,java-jvm,1024,100k,warm,,15,15,181,4a5661de-41c2-45e0-87ab-31c149484447
2026-04-29T09:45:17Z,java-jvm,1024,100k,warm,,16,16,181,24f75473-52f6-425c-9799-9029f9ae0efe
2026-04-29T09:45:18Z,java-jvm,1024,100k,warm,,15,15,181,8a7bb1d6-8304-48ce-afbb-08315e586b66
2026-04-29T09:45:29Z,java-jvm,1024,1m,cold,1084.21,3394,3394,194,1a50fe31-4d99-430d-975b-f2daf4033748
2026-04-29T09:45:39Z,java-jvm,1024,1m,cold,1069.24,3312,3312,194,aa292df6-4489-4d75-96f8-5f7a3c63768b
2026-04-29T09:45:50Z,java-jvm,1024,1m,cold,1084.87,3331,3331,194,f64a418d-e714-46ca-884b-5e411a986c98
2026-04-29T09:46:01Z,java-jvm,1024,1m,cold,1035.14,3272,3272,194,12a1fad9-1cbb-4a2b-8a69-a20a130949f1
2026-04-29T09:46:11Z,java-jvm,1024,1m,cold,1086.36,3405,3405,194,a07d0473-b03e-4199-873d-f26be4260ec7
2026-04-29T09:46:22Z,java-jvm,1024,1m,cold,1123.27,3401,3401,196,a6e0c721-23c2-408b-b33b-f516148c5d9e
2026-04-29T09:46:33Z,java-jvm,1024,1m,cold,1090.04,3471,3471,194,3d8b2ea2-342c-4fbe-8e28-b74dd7b20e20
2026-04-29T09:46:44Z,java-jvm,1024,1m,cold,1070.55,3297,3297,196,774b17f7-57d1-4857-b5cf-d4bbf824543f
2026-04-29T09:46:54Z,java-jvm,1024,1m,cold,1078.93,3370,3370,196,4e3e9558-c5b8-47c9-bd83-ef9827a9f7f1
2026-04-29T09:47:05Z,java-jvm,1024,1m,cold,1072.13,3430,3430,196,4f95d5d7-7704-49b7-8960-9743f881b406
2026-04-29T09:47:16Z,java-jvm,1024,1m,cold,1144.69,3539,3539,196,7978745c-358a-4f64-82cd-149db83db585
2026-04-29T09:47:27Z,java-jvm,1024,1m,cold,1054.63,3319,3319,197,d05676e6-24e8-4931-bec2-8db5023ef4ca
2026-04-29T09:47:38Z,java-jvm,1024,1m,cold,1059.84,3333,3333,196,703251c3-2f81-4a9f-9e0b-b5f25b262766
2026-04-29T09:47:48Z,java-jvm,1024,1m,cold,1064.89,3283,3283,196,230d2e89-aa41-46fe-bf0e-608fbd8b84c3
2026-04-29T09:47:59Z,java-jvm,1024,1m,cold,1111.81,3356,3356,196,f268d8ab-12d5-4ece-bb02-052544e24164
2026-04-29T09:48:10Z,java-jvm,1024,1m,cold,1160.66,3551,3551,196,abb8720b-353d-40e2-9672-c7aab2da7e6f
2026-04-29T09:48:21Z,java-jvm,1024,1m,cold,1064.83,3344,3344,196,d1632bf1-8949-4bfa-add7-d8e703dfa137
2026-04-29T09:48:32Z,java-jvm,1024,1m,cold,1412.46,3900,3900,194,05b70b34-09b3-4335-bbb6-6441d7a73f8f
2026-04-29T09:48:43Z,java-jvm,1024,1m,cold,1088.75,3344,3344,196,ba19294d-cc45-4ee4-8204-ab5af4e21f22
2026-04-29T09:48:54Z,java-jvm,1024,1m,cold,1102.44,3340,3340,195,ca635f31-7b87-4d4b-be3d-da6d7abd426d
2026-04-29T09:49:04Z,java-jvm,1024,1m,cold,1071.57,3379,3379,194,6524e832-e275-4274-8369-401a03825ccb
2026-04-29T09:49:16Z,java-jvm,1024,1m,cold,1421.92,4056,4056,196,164d7e1b-d995-4da9-a950-cc593bc8e39f
2026-04-29T09:49:27Z,java-jvm,1024,1m,cold,1057.58,3226,3226,196,4d767a37-22c9-4456-a9c0-c283cbcce0e2
2026-04-29T09:49:37Z,java-jvm,1024,1m,cold,1087.65,3355,3355,196,59c671a5-e777-412c-a666-17f5e5046307
2026-04-29T09:49:48Z,java-jvm,1024,1m,cold,1098.59,3346,3346,194,76263c98-a780-4ae3-b253-d8defa52959f
2026-04-29T09:49:59Z,java-jvm,1024,1m,cold,1418.72,3977,3977,196,67aa6003-3d02-42cd-8f34-ca0671349443
2026-04-29T09:50:10Z,java-jvm,1024,1m,cold,1107.46,3442,3442,194,b7cf7962-0ed7-4e73-9816-c2e3db2d1d7d
2026-04-29T09:50:21Z,java-jvm,1024,1m,cold,1086.79,3393,3393,196,78e3d7c0-0d55-41aa-afc8-7551bfa14b16
2026-04-29T09:50:32Z,java-jvm,1024,1m,cold,1421.33,3956,3956,194,64397106-95e5-4235-a8ca-b6e016a71bce
2026-04-29T09:50:43Z,java-jvm,1024,1m,cold,1133.15,3396,3396,194,61c60974-1cc4-4df7-b81c-309aa7c39cdd
2026-04-29T09:50:54Z,java-jvm,1024,1m,cold,1093.59,3367,3367,196,d46c74a6-1a8f-4d58-bbc5-898ed68aefbe
2026-04-29T09:51:04Z,java-jvm,1024,1m,cold,1096.72,3446,3446,194,209a6d93-89cd-4c6d-8c2d-14294d92807a
2026-04-29T09:51:15Z,java-jvm,1024,1m,cold,1107.70,3419,3419,196,af9d097b-42d4-45eb-a4d7-ad3a0cde152b
2026-04-29T09:51:26Z,java-jvm,1024,1m,cold,1399.96,3937,3937,194,b6dc1132-6584-4e03-b01c-d6cc23129924
2026-04-29T09:51:38Z,java-jvm,1024,1m,cold,1469.87,4009,4009,194,296251a8-d600-4bcb-9eb7-4e86a7b21018
2026-04-29T09:51:48Z,java-jvm,1024,1m,cold,1116.22,3367,3367,192,a2f0a311-262e-49cd-898d-c3c06213d38d
2026-04-29T09:51:59Z,java-jvm,1024,1m,cold,1071.37,3322,3322,193,7ed28bfc-f1f0-44d0-8aa6-10e72d639ea2
2026-04-29T09:52:10Z,java-jvm,1024,1m,cold,1116.65,3410,3410,196,9b209542-99d9-45ab-99c1-fd51848c0311
2026-04-29T09:52:21Z,java-jvm,1024,1m,cold,1066.95,3319,3319,196,c97dd217-523d-4d7d-8d4b-98a08d7879bb
2026-04-29T09:52:31Z,java-jvm,1024,1m,cold,1085.21,3370,3370,196,d0f23b5b-06ec-435e-9011-84c4a734681c
2026-04-29T09:52:42Z,java-jvm,1024,1m,cold,1098.68,3420,3420,196,6e30d241-f50b-4192-8930-8b8d3da34be4
2026-04-29T09:52:53Z,java-jvm,1024,1m,cold,1058.02,3255,3255,196,41dcfc67-f061-4f61-b353-76eeab1422f3
2026-04-29T09:53:04Z,java-jvm,1024,1m,cold,1341.84,3814,3814,194,9d3aa5fa-c1fb-4330-9559-cfa1d0a94593
2026-04-29T09:53:14Z,java-jvm,1024,1m,cold,1058.34,3242,3242,196,e1c54665-8d60-48ad-b040-bae853d19680
2026-04-29T09:53:25Z,java-jvm,1024,1m,cold,1094.62,3338,3338,196,fabb0875-823e-4fbb-8880-a93457939db0
2026-04-29T09:53:36Z,java-jvm,1024,1m,cold,1381.60,3890,3890,196,1b95b659-887b-4e56-b5e6-f721c92e92b8
2026-04-29T09:53:47Z,java-jvm,1024,1m,cold,1086.01,3328,3328,194,1f0ac0f7-d306-4df5-9dca-291633a931ca
2026-04-29T09:53:58Z,java-jvm,1024,1m,cold,1049.54,3197,3197,194,0977b3ec-7b83-4ac3-b6f8-dd125cce6335
2026-04-29T09:54:08Z,java-jvm,1024,1m,cold,1105.65,3428,3428,196,d45b354b-25a1-435b-b023-0cff3af014a0
2026-04-29T09:54:19Z,java-jvm,1024,1m,cold,1115.30,3456,3456,196,27c1e2c0-543e-4022-9e88-3a758527092b
2026-04-29T09:54:22Z,java-jvm,1024,1m,warm,,61,61,203,61724b40-be4f-4c4c-99f4-488d9651c901
2026-04-29T09:54:22Z,java-jvm,1024,1m,warm,,57,57,203,0896a648-b138-4ff2-88e8-5b87e0fa1122
2026-04-29T09:54:23Z,java-jvm,1024,1m,warm,,59,59,203,e6fa4bd4-de23-4b5a-8148-a4055a3ca09a
2026-04-29T09:54:24Z,java-jvm,1024,1m,warm,,62,62,205,f6015041-4dab-425a-b7c1-22d219d817ac
2026-04-29T09:54:25Z,java-jvm,1024,1m,warm,,52,52,205,19415c36-6c9b-4d87-885c-43e2b8ad414e
2026-04-29T09:54:26Z,java-jvm,1024,1m,warm,,52,52,205,dbddace6-2693-4129-b044-17a31e9bc0b3
2026-04-29T09:54:26Z,java-jvm,1024,1m,warm,,67,67,207,cfc66f03-1c88-4022-b897-30e9dc39c7ef
2026-04-29T09:54:27Z,java-jvm,1024,1m,warm,,64,64,207,47c9882f-6f75-4edc-88fc-da73470dac03
2026-04-29T09:54:28Z,java-jvm,1024,1m,warm,,55,55,207,93e75a95-d84f-4cb6-8c27-e3d85f03ece5
2026-04-29T09:54:29Z,java-jvm,1024,1m,warm,,63,63,209,3327860c-14fe-458a-b4ae-d2022ed16118
2026-04-29T09:54:30Z,java-jvm,1024,1m,warm,,65,65,209,8b56cc5f-e8a2-427f-ae3c-b2cddcd5d018
2026-04-29T09:54:30Z,java-jvm,1024,1m,warm,,64,64,209,7280ebde-09d1-49f2-80cd-3ed58e670335
2026-04-29T09:54:31Z,java-jvm,1024,1m,warm,,53,53,211,e43c41f6-4c3f-43d0-9cc1-5ade854c6575
2026-04-29T09:54:32Z,java-jvm,1024,1m,warm,,52,52,211,f6a34fac-7d37-456b-9d8d-48e64f2acfb2
2026-04-29T09:54:33Z,java-jvm,1024,1m,warm,,44,44,211,99bd9d1a-0475-4f27-8781-5aec2fcc8032
2026-04-29T09:54:34Z,java-jvm,1024,1m,warm,,73,73,213,f991d61e-d5f8-4623-b102-2e4b9e05e132
2026-04-29T09:54:35Z,java-jvm,1024,1m,warm,,46,46,213,39552e75-e4ee-4a21-ba93-e31db8fec6f7
2026-04-29T09:54:35Z,java-jvm,1024,1m,warm,,59,59,213,713286b1-c76a-4362-ad1c-30c547067ea3
2026-04-29T09:54:36Z,java-jvm,1024,1m,warm,,54,54,215,dc070c8e-c353-41ee-9b78-18e5d0f52d33
2026-04-29T09:54:37Z,java-jvm,1024,1m,warm,,55,55,215,84c02e66-f341-466b-af40-d3fbc1c7e431
2026-04-29T09:54:38Z,java-jvm,1024,1m,warm,,48,48,215,d5b58d65-c17e-4a45-80ae-b43741df2f05
2026-04-29T09:54:38Z,java-jvm,1024,1m,warm,,58,58,217,7d210659-d68b-466a-99f2-c2875cd48d31
2026-04-29T09:54:39Z,java-jvm,1024,1m,warm,,62,62,217,00803a75-0144-40cf-a157-c1389bdde231
2026-04-29T09:54:40Z,java-jvm,1024,1m,warm,,46,46,217,c83e7298-cfb2-4eee-bca7-d2fba4ffb006
2026-04-29T09:54:41Z,java-jvm,1024,1m,warm,,62,62,219,5294c888-8019-4527-a909-ce1980422164
2026-04-29T09:54:42Z,java-jvm,1024,1m,warm,,50,50,219,6f87921d-0f35-46ff-a810-6bae01e9f7ff
2026-04-29T09:54:42Z,java-jvm,1024,1m,warm,,49,49,219,2988e946-086d-463b-9ac5-f4b993cf2eac
2026-04-29T09:54:43Z,java-jvm,1024,1m,warm,,44,44,221,1ef311fe-b3c1-4433-9d78-c553da1ffd15
2026-04-29T09:54:44Z,java-jvm,1024,1m,warm,,48,48,221,ed52c39f-4841-4f88-ba75-8ce11a36d1a6
2026-04-29T09:54:45Z,java-jvm,1024,1m,warm,,51,51,221,f73e6bee-cbdb-4d7e-80c3-98c70582001b
2026-04-29T09:54:46Z,java-jvm,1024,1m,warm,,54,54,223,298179fe-c5e1-48f8-845a-a92062193604
2026-04-29T09:54:46Z,java-jvm,1024,1m,warm,,47,47,223,c46d9246-9b04-46f7-8ebe-ebca06b29bd7
2026-04-29T09:54:47Z,java-jvm,1024,1m,warm,,44,44,223,6e35a9fe-b045-4b8d-9a90-1726ef7bd0c6
2026-04-29T09:54:48Z,java-jvm,1024,1m,warm,,56,56,225,3eafe1af-cf11-4b47-8b45-b6032e123863
2026-04-29T09:54:49Z,java-jvm,1024,1m,warm,,37,37,225,3eef24bb-f560-4f48-b8c5-3af7d60b397d
2026-04-29T09:54:50Z,java-jvm,1024,1m,warm,,52,52,225,4d5dc172-9e46-4e16-957d-70ac7994c994
2026-04-29T09:54:50Z,java-jvm,1024,1m,warm,,53,53,227,ae3a1877-1cf0-4823-a1b9-7dce4258a976
2026-04-29T09:54:51Z,java-jvm,1024,1m,warm,,41,41,227,a0e1dad0-5b0c-42d1-bd69-1e5c53964255
2026-04-29T09:54:52Z,java-jvm,1024,1m,warm,,54,54,227,a0948cfc-1780-440c-8d07-d6fbc3002814
2026-04-29T09:54:53Z,java-jvm,1024,1m,warm,,54,54,229,4ce597d0-7ae4-46ce-acd7-a9b4a5b43638
2026-04-29T09:54:54Z,java-jvm,1024,1m,warm,,45,45,229,da4dc091-1773-426d-95f5-aff93231f709
2026-04-29T09:54:54Z,java-jvm,1024,1m,warm,,49,49,229,69c58cb2-5e7a-4f74-bc0b-75dfa91945e2
2026-04-29T09:54:55Z,java-jvm,1024,1m,warm,,47,47,231,bb571d5c-8d8f-4feb-b04f-f09ab7cdc5e6
2026-04-29T09:54:56Z,java-jvm,1024,1m,warm,,52,52,231,73576338-d55b-4712-83bd-d6e558672d7d
2026-04-29T09:54:57Z,java-jvm,1024,1m,warm,,54,54,231,0748f34e-49ce-4869-841c-02e93b1dfc44
2026-04-29T09:54:58Z,java-jvm,1024,1m,warm,,53,53,233,70e63b69-a849-4b42-b1de-3df365a64d77
2026-04-29T09:54:58Z,java-jvm,1024,1m,warm,,40,40,233,5a5a5f82-e094-4728-91ff-5eae96dc7ece
2026-04-29T09:54:59Z,java-jvm,1024,1m,warm,,48,48,233,63301f28-8d15-46fe-a96b-cbcc31f0fb04
2026-04-29T09:55:00Z,java-jvm,1024,1m,warm,,58,58,234,8a93bedb-954b-4bae-a451-6a5d84627f50
2026-04-29T09:55:01Z,java-jvm,1024,1m,warm,,50,50,234,a2a0ec19-b885-4b49-b192-862664bde662
2026-04-29T09:55:11Z,java-jvm,1769,1k,cold,1440.25,2909,2909,186,6980a88a-5967-473c-bd76-7de5afefde07
2026-04-29T09:55:21Z,java-jvm,1769,1k,cold,1075.58,2324,2324,186,0e953f1b-a785-46fb-83c6-8b0f9be45252
2026-04-29T09:55:30Z,java-jvm,1769,1k,cold,1113.82,2394,2394,188,836177d9-6249-48d4-bd78-e41845cf7607
2026-04-29T09:55:40Z,java-jvm,1769,1k,cold,1073.95,2327,2327,184,de3087f9-a77a-4191-9599-c5caaa0f90ba
2026-04-29T09:55:49Z,java-jvm,1769,1k,cold,1020.63,2245,2245,184,e298eda6-b35f-42e2-9745-8d5fe0f2cd54
2026-04-29T09:55:59Z,java-jvm,1769,1k,cold,1089.47,2368,2368,188,efd69fc4-28b8-41e5-ada2-b2e46863cd07
2026-04-29T09:56:08Z,java-jvm,1769,1k,cold,1070.27,2287,2287,184,0aafafe0-0476-48ae-9fa0-04bc55ce139a
2026-04-29T09:56:18Z,java-jvm,1769,1k,cold,1095.05,2373,2373,180,6441219c-28b4-46f6-928a-ea223b85c077
2026-04-29T09:56:28Z,java-jvm,1769,1k,cold,1063.52,2285,2285,184,390ace8b-a5df-43aa-ac52-4f75293c0866
2026-04-29T09:56:37Z,java-jvm,1769,1k,cold,1076.78,2323,2323,188,3cd1ff9d-12a4-491b-befd-a509848dafde
2026-04-29T09:56:47Z,java-jvm,1769,1k,cold,1380.34,2832,2832,186,129637c7-062e-4be6-9d7a-bfc68302af54
2026-04-29T09:56:57Z,java-jvm,1769,1k,cold,1075.76,2325,2325,186,f87148e6-8a71-43d6-84cb-6480a6480241
2026-04-29T09:57:07Z,java-jvm,1769,1k,cold,1408.87,2862,2862,187,33da461d-6729-40ab-a830-82f4adac509f
2026-04-29T09:57:17Z,java-jvm,1769,1k,cold,1112.84,2431,2431,185,56210a86-481d-42bd-87a6-3bc0b75bd2cf
2026-04-29T09:57:26Z,java-jvm,1769,1k,cold,1092.08,2352,2352,183,a35dba6c-c2b9-46c0-a956-a3edd6bc5f0e
2026-04-29T09:57:36Z,java-jvm,1769,1k,cold,1068.08,2298,2298,186,744175f4-af09-4952-887e-ac8f45a41771
2026-04-29T09:57:45Z,java-jvm,1769,1k,cold,1109.88,2375,2375,184,c890dc20-4387-41cd-ab17-54b3ad16408a
2026-04-29T09:57:55Z,java-jvm,1769,1k,cold,1334.27,2722,2722,183,33e67a68-b37a-482e-857e-585bc53a39d9
2026-04-29T09:58:06Z,java-jvm,1769,1k,cold,1438.28,2891,2891,186,b497d16c-96d2-480f-b490-093b09e1d93f
2026-04-29T09:58:16Z,java-jvm,1769,1k,cold,1434.35,2947,2947,185,50ffb93a-8a83-46a8-b4f4-64091a8d0048
2026-04-29T09:58:25Z,java-jvm,1769,1k,cold,1132.60,2419,2419,186,ee893ed8-c22d-4aa1-8f85-9c4610e7e1c6
2026-04-29T09:58:35Z,java-jvm,1769,1k,cold,1066.42,2294,2294,187,e7127ecb-5fee-427e-8dab-9d761751d4a8
2026-04-29T09:58:45Z,java-jvm,1769,1k,cold,1145.35,2440,2440,190,6a27c9a3-c9cf-4f8a-936d-6675da84ae90
2026-04-29T09:58:54Z,java-jvm,1769,1k,cold,1029.97,2260,2260,186,0eeddb11-d37c-4fa5-a7e6-92fb028d3621
2026-04-29T09:59:03Z,java-jvm,1769,1k,cold,1108.91,2397,2397,186,a68002b7-a5a5-4518-b5b4-a1278bad6e19
2026-04-29T09:59:13Z,java-jvm,1769,1k,cold,1075.47,2315,2315,187,b18f6bc4-623b-4caa-a856-b66a4e82a2b5
2026-04-29T09:59:23Z,java-jvm,1769,1k,cold,1134.30,2371,2371,185,eddf5b56-6f4d-4f41-b4a8-bc9102e82a0d
2026-04-29T09:59:33Z,java-jvm,1769,1k,cold,1423.14,2856,2856,186,6590d611-89e7-4e1d-b5da-6d47b1155cf1
2026-04-29T09:59:42Z,java-jvm,1769,1k,cold,1056.95,2265,2265,186,b201a328-6674-446e-a242-cb2e5307946d
2026-04-29T09:59:52Z,java-jvm,1769,1k,cold,1085.48,2343,2343,186,7333337b-1ff3-4faf-9954-2aac62512046
2026-04-29T10:00:01Z,java-jvm,1769,1k,cold,1372.93,2806,2806,186,aabae18d-f59c-450f-8e82-be0b479361a9
2026-04-29T10:00:11Z,java-jvm,1769,1k,cold,1409.48,2898,2898,187,5c1f4d13-c6cd-480a-899b-899480918723
2026-04-29T10:00:21Z,java-jvm,1769,1k,cold,1121.18,2360,2360,188,9dc4894e-2394-4cb3-a097-1885e3c698ca
2026-04-29T10:00:30Z,java-jvm,1769,1k,cold,1094.37,2311,2311,186,18646906-f6d1-438d-a3c7-edc7e000e890
2026-04-29T10:00:40Z,java-jvm,1769,1k,cold,1390.37,2828,2828,187,0ce558ee-978b-48ab-9be4-d6b8d74deaa5
2026-04-29T10:00:50Z,java-jvm,1769,1k,cold,1129.79,2382,2382,186,c7b293bb-122d-4c8e-a84a-2966a1ec8807
2026-04-29T10:00:59Z,java-jvm,1769,1k,cold,1132.59,2406,2406,184,79028f7b-608a-438a-9b84-5e751e0441a3
2026-04-29T10:01:10Z,java-jvm,1769,1k,cold,1445.22,2962,2962,184,5f69cfa9-d937-4788-bf8b-d0c582bdbea6
2026-04-29T10:01:19Z,java-jvm,1769,1k,cold,1163.96,2499,2499,187,1158a5e1-6441-402b-9efe-0797952552f5
2026-04-29T10:01:29Z,java-jvm,1769,1k,cold,1108.45,2396,2396,186,909f4456-2685-4a64-989e-6384ce9a7ca4
2026-04-29T10:01:39Z,java-jvm,1769,1k,cold,1439.61,2884,2884,183,e124cc49-9975-4117-b929-ad1c63605c17
2026-04-29T10:01:49Z,java-jvm,1769,1k,cold,1089.02,2385,2385,186,0ba637a6-6979-43e1-baed-e7c6ff9374ab
2026-04-29T10:01:58Z,java-jvm,1769,1k,cold,1129.87,2415,2415,186,8a8b2a77-bf8d-4d76-bda8-9e75b1e5b447
2026-04-29T10:02:08Z,java-jvm,1769,1k,cold,1173.01,2557,2557,188,6d47e9bc-e982-472f-b1d4-9af09be30b80
2026-04-29T10:02:17Z,java-jvm,1769,1k,cold,1115.65,2384,2384,184,e624e4a9-4c01-4266-a998-fd243c92ee05
2026-04-29T10:02:27Z,java-jvm,1769,1k,cold,1152.97,2499,2499,186,b4b1b841-4bfe-465f-9a2c-23efd450748d
2026-04-29T10:02:37Z,java-jvm,1769,1k,cold,1174.61,2488,2488,186,85a03dd5-d09f-48b9-9d1b-d48c85d3712f
2026-04-29T10:02:47Z,java-jvm,1769,1k,cold,1433.00,2920,2920,184,613b31c6-743f-42bf-b890-7731145e0ffd
2026-04-29T10:02:56Z,java-jvm,1769,1k,cold,1131.92,2474,2474,184,6b15766d-b584-458b-bbec-1b011f2eb162
2026-04-29T10:03:06Z,java-jvm,1769,1k,cold,1138.99,2429,2429,187,db58f5f4-8b3e-4d90-826d-88934f0e1e75
2026-04-29T10:03:08Z,java-jvm,1769,1k,warm,,22,22,187,7115b2a2-e4c9-4a23-ad4a-57cf5226f318
2026-04-29T10:03:09Z,java-jvm,1769,1k,warm,,15,15,187,450d70cf-5ab6-4cef-bbb3-217471c44ffa
2026-04-29T10:03:09Z,java-jvm,1769,1k,warm,,19,19,187,0014b575-3abf-4464-86eb-5a0c6db1e651
2026-04-29T10:03:10Z,java-jvm,1769,1k,warm,,16,16,187,f4755f8e-4d9a-4cb6-b05f-ab6f4f149cd4
2026-04-29T10:03:10Z,java-jvm,1769,1k,warm,,16,16,187,3c1801bc-1639-4893-90b3-3be1fa59832b
2026-04-29T10:03:11Z,java-jvm,1769,1k,warm,,18,18,187,b24b2c2c-59a3-4aa7-afbf-4d4f1280adb7
2026-04-29T10:03:12Z,java-jvm,1769,1k,warm,,17,17,187,7d4cd045-57cc-439f-8dd2-81e038b6cdd2
2026-04-29T10:03:12Z,java-jvm,1769,1k,warm,,17,17,187,60e168d0-6eb9-4e47-84b5-6b6a16b77107
2026-04-29T10:03:13Z,java-jvm,1769,1k,warm,,16,16,187,b5bdc76e-c210-4140-b9df-6cae10e66646
2026-04-29T10:03:13Z,java-jvm,1769,1k,warm,,15,15,187,7be22720-6acd-4fdb-9bad-21808ef38d3b
2026-04-29T10:03:14Z,java-jvm,1769,1k,warm,,16,16,187,e7ca500f-de59-4fa4-9091-f6e38fba30d2
2026-04-29T10:03:14Z,java-jvm,1769,1k,warm,,18,18,187,ebd49205-b47e-45dc-bc17-05391b2ccae7
2026-04-29T10:03:15Z,java-jvm,1769,1k,warm,,17,17,188,9c506e98-7bad-4bd3-a50c-f8749abf3dc3
2026-04-29T10:03:16Z,java-jvm,1769,1k,warm,,15,15,188,ecd93bd5-41d2-482f-a597-bfebe8bb255e
2026-04-29T10:03:16Z,java-jvm,1769,1k,warm,,17,17,188,dd580dd2-e087-4d32-b3b2-91d542493b66
2026-04-29T10:03:17Z,java-jvm,1769,1k,warm,,19,19,188,f55bc2c1-9a55-4147-9e9f-3ea05f63bcbb
2026-04-29T10:03:18Z,java-jvm,1769,1k,warm,,14,14,188,005fbe44-4c06-4e67-bf7a-3bf3b907f77a
2026-04-29T10:03:18Z,java-jvm,1769,1k,warm,,14,14,188,43bef0d1-326a-4150-817f-d3cbf957bcea
2026-04-29T10:03:19Z,java-jvm,1769,1k,warm,,15,15,188,cf81277e-6dec-4a2c-af70-f5e42486926e
2026-04-29T10:03:19Z,java-jvm,1769,1k,warm,,14,14,188,4d9d4476-947a-4028-a596-7c4b8a1f5123
2026-04-29T10:03:20Z,java-jvm,1769,1k,warm,,14,14,188,624ccc74-33d8-4285-a847-8955f40b7a36
2026-04-29T10:03:21Z,java-jvm,1769,1k,warm,,19,19,188,9f44b647-9f55-442f-8052-f8e1277310b7
2026-04-29T10:03:21Z,java-jvm,1769,1k,warm,,17,17,188,50136a8c-b70f-420f-9e9b-127975c6dab5
2026-04-29T10:03:22Z,java-jvm,1769,1k,warm,,13,13,188,c51ce442-c3b6-4571-8e1e-1ad2290c5a6a
2026-04-29T10:03:22Z,java-jvm,1769,1k,warm,,15,15,188,62b95b6f-476c-433d-aa0e-4e0211fb7e61
2026-04-29T10:03:23Z,java-jvm,1769,1k,warm,,15,15,188,3726ac71-7735-4d0b-9b2b-a222723ab1c1
2026-04-29T10:03:24Z,java-jvm,1769,1k,warm,,15,15,188,6463ff38-37d3-4c64-804b-d5a0310158ca
2026-04-29T10:03:24Z,java-jvm,1769,1k,warm,,13,13,188,5301179e-d049-4f69-b89f-68eef9671b7f
2026-04-29T10:03:25Z,java-jvm,1769,1k,warm,,18,18,188,8aa7738f-bef1-4c14-a0ff-0d410a976342
2026-04-29T10:03:25Z,java-jvm,1769,1k,warm,,17,17,188,69b2e3a2-7946-46aa-bae6-9c266e5e6130
2026-04-29T10:03:26Z,java-jvm,1769,1k,warm,,17,17,188,af934879-9bde-4fc2-a874-eb01ef1fa3a9
2026-04-29T10:03:26Z,java-jvm,1769,1k,warm,,17,17,188,1d1ad80f-e674-4607-b1c4-610286da029c
2026-04-29T10:03:27Z,java-jvm,1769,1k,warm,,13,13,188,fdff720e-53e4-4b98-bbf2-0f0a4a585088
2026-04-29T10:03:28Z,java-jvm,1769,1k,warm,,14,14,188,52a27681-64e3-425b-aaf8-22642cb57acd
2026-04-29T10:03:28Z,java-jvm,1769,1k,warm,,14,14,188,5b1d0591-cae0-4d0b-a84b-08bbe3ce4b75
2026-04-29T10:03:29Z,java-jvm,1769,1k,warm,,15,15,188,d991f64e-6d06-40ab-b48a-4f133cec30ed
2026-04-29T10:03:29Z,java-jvm,1769,1k,warm,,13,13,188,ac44ede3-566a-45a4-ae4c-c253f69be023
2026-04-29T10:03:30Z,java-jvm,1769,1k,warm,,16,16,188,036187ea-76af-4339-a186-fa4d3ae32258
2026-04-29T10:03:30Z,java-jvm,1769,1k,warm,,13,13,188,5ac4ec7a-c0dc-4715-a7dc-baa66f5b4869
2026-04-29T10:03:31Z,java-jvm,1769,1k,warm,,14,14,188,84da01e8-70bf-44b9-b1b1-648a42e11dc3
2026-04-29T10:03:32Z,java-jvm,1769,1k,warm,,14,14,188,a77bbf9d-4a56-4c93-a805-fda694be12ba
2026-04-29T10:03:32Z,java-jvm,1769,1k,warm,,14,14,188,d00d7450-8c66-4a32-9a35-dd07db598152
2026-04-29T10:03:33Z,java-jvm,1769,1k,warm,,13,13,188,86304d6b-f7f2-4a5e-9706-28f13a184c67
2026-04-29T10:03:33Z,java-jvm,1769,1k,warm,,15,15,188,7e156f43-e9bc-43e6-8545-a4c80a709acf
2026-04-29T10:03:34Z,java-jvm,1769,1k,warm,,15,15,188,e595cb22-4ff1-488e-be45-cb3fac83d265
2026-04-29T10:03:35Z,java-jvm,1769,1k,warm,,13,13,188,34f81255-f22c-49ab-abbd-ad5385202152
2026-04-29T10:03:35Z,java-jvm,1769,1k,warm,,14,14,188,23f61518-34c3-4444-bbac-64d984b8ef15
2026-04-29T10:03:36Z,java-jvm,1769,1k,warm,,13,13,188,b3249a89-b852-4d9d-acb9-ab2c1b841844
2026-04-29T10:03:36Z,java-jvm,1769,1k,warm,,15,15,188,16d492cd-3796-43a2-97a5-2cc978be449e
2026-04-29T10:03:37Z,java-jvm,1769,1k,warm,,13,13,188,12ac6e9c-3f77-4c75-96fb-02802039564c
2026-04-29T10:03:47Z,java-jvm,1769,100k,cold,1445.85,2924,2924,185,c1084dd1-42bb-475c-8cbc-027af2bb7a38
2026-04-29T10:03:57Z,java-jvm,1769,100k,cold,1432.31,2878,2878,187,72b7a01a-8066-4142-9bba-d2b029ee57fb
2026-04-29T10:04:07Z,java-jvm,1769,100k,cold,1164.88,2509,2509,187,35221752-b3a2-4e54-8001-347dfdc7a992
2026-04-29T10:04:17Z,java-jvm,1769,100k,cold,1114.43,2402,2402,189,36923f5b-3867-4403-8b4f-89d53f73c4ef
2026-04-29T10:04:26Z,java-jvm,1769,100k,cold,1108.91,2378,2378,187,31b2dcb3-7113-46b9-b6aa-2326a78a527c
2026-04-29T10:04:36Z,java-jvm,1769,100k,cold,1448.66,2950,2950,187,705f8395-cdcd-46c7-b879-65355eb1d048
2026-04-29T10:04:46Z,java-jvm,1769,100k,cold,1082.89,2364,2364,187,ace0be64-bb18-4468-aada-ddb1ac6b1f3b
2026-04-29T10:04:56Z,java-jvm,1769,100k,cold,1085.59,2327,2327,185,bce52f6f-d47d-4147-9d6e-fe64699e5e43
2026-04-29T10:05:05Z,java-jvm,1769,100k,cold,1150.79,2534,2534,187,76c3fbb0-f658-4cc0-99e5-36e365d7ac96
2026-04-29T10:05:16Z,java-jvm,1769,100k,cold,1469.21,2937,2937,187,492c88fc-d309-49a5-a64c-a410102f8289
2026-04-29T10:05:25Z,java-jvm,1769,100k,cold,1085.46,2351,2351,187,a4089884-3e41-468c-bec3-2b063208d90c
2026-04-29T10:05:35Z,java-jvm,1769,100k,cold,1424.22,2860,2860,187,66c3dd22-c467-4bbe-b191-6cb5d9452ec3
2026-04-29T10:05:45Z,java-jvm,1769,100k,cold,1032.24,2246,2246,185,7199d2db-a88c-4d15-bff2-654487780b5d
2026-04-29T10:05:54Z,java-jvm,1769,100k,cold,1080.94,2325,2325,187,f8fda4c6-a814-4977-babb-8ab64a6429f8
2026-04-29T10:06:04Z,java-jvm,1769,100k,cold,1385.87,2857,2857,187,aecf3205-8f92-49d4-8182-cbc9cca3c56f
2026-04-29T10:06:14Z,java-jvm,1769,100k,cold,1116.34,2392,2392,187,ee20c0ba-fad6-4403-8b71-d348fa550519
2026-04-29T10:06:24Z,java-jvm,1769,100k,cold,1087.64,2334,2334,187,b75d0eab-2ca7-4468-8a19-fabe71085fc8
2026-04-29T10:06:33Z,java-jvm,1769,100k,cold,1075.71,2329,2329,191,68457d92-b60a-4d65-b01e-5831f4e5eb3c
2026-04-29T10:06:43Z,java-jvm,1769,100k,cold,1413.68,2880,2880,189,0354d5e6-0d17-4c3d-9224-91c1038e454a
2026-04-29T10:06:53Z,java-jvm,1769,100k,cold,1387.89,2847,2847,187,2a33893e-8843-4959-bda2-adb640838b08
2026-04-29T10:07:03Z,java-jvm,1769,100k,cold,1106.14,2380,2380,185,d58bcd11-49f9-4c9d-bd32-8dc184474d24
2026-04-29T10:07:13Z,java-jvm,1769,100k,cold,1123.30,2419,2419,187,904b2c45-d1e2-4b5f-be5c-857131eabe30
2026-04-29T10:07:22Z,java-jvm,1769,100k,cold,1106.90,2377,2377,189,10a063b5-0926-4f5b-a118-b64e3f32968d
2026-04-29T10:07:32Z,java-jvm,1769,100k,cold,1063.12,2316,2316,188,de73bd34-8e5b-4f35-8700-bcb35457fd4a
2026-04-29T10:07:42Z,java-jvm,1769,100k,cold,1405.48,2874,2874,189,e4375c0b-8b21-442b-925c-076fa000e053
2026-04-29T10:07:51Z,java-jvm,1769,100k,cold,1112.80,2396,2396,185,76c5a677-ece2-458d-9fc5-ca2600a9335a
2026-04-29T10:08:01Z,java-jvm,1769,100k,cold,1105.68,2332,2332,187,c3a278b2-11fa-488f-9969-e990262322c7
2026-04-29T10:08:11Z,java-jvm,1769,100k,cold,1420.81,2875,2875,183,5390edf8-e255-48c5-9524-b7b53855036b
2026-04-29T10:08:21Z,java-jvm,1769,100k,cold,1421.62,2903,2903,187,e076b71b-3ea3-4541-9c2c-39dea4911af5
2026-04-29T10:08:31Z,java-jvm,1769,100k,cold,1057.63,2288,2288,187,fa603e99-5ac8-4dbf-ad57-db5c54972b48
2026-04-29T10:08:40Z,java-jvm,1769,100k,cold,1043.89,2284,2284,187,acfde0bb-6cdb-426b-bc07-b06e8bc8da5c
2026-04-29T10:08:50Z,java-jvm,1769,100k,cold,1403.11,2824,2824,189,2b03dd04-4754-4be5-a209-929c03228651
2026-04-29T10:09:00Z,java-jvm,1769,100k,cold,1409.11,2835,2835,183,da5f96b6-2fec-48a4-b38c-c8e3768f74ee
2026-04-29T10:09:09Z,java-jvm,1769,100k,cold,1055.24,2315,2315,189,3062d667-b5f7-4847-a666-30ba65ac322d
2026-04-29T10:09:19Z,java-jvm,1769,100k,cold,1068.39,2316,2316,185,ea67c00b-d962-4012-99c9-d12953d5e07a
2026-04-29T10:09:29Z,java-jvm,1769,100k,cold,1407.72,2905,2905,185,25889f99-d821-4eda-8bfb-20c77fb330bb
2026-04-29T10:09:38Z,java-jvm,1769,100k,cold,1072.85,2372,2372,189,27109482-e388-4b40-9832-5b2017e9d638
2026-04-29T10:09:49Z,java-jvm,1769,100k,cold,1340.25,2756,2756,187,1cb2b615-918c-496e-a951-45e6d33016c5
2026-04-29T10:09:59Z,java-jvm,1769,100k,cold,1400.62,2869,2869,187,5bf7c7ec-b8f1-4ad0-8383-432a4913bcff
2026-04-29T10:10:08Z,java-jvm,1769,100k,cold,1070.72,2312,2312,189,7ff90f2a-c08d-4b35-b396-37b7a48db114
2026-04-29T10:10:17Z,java-jvm,1769,100k,cold,1074.40,2307,2307,189,ba284a73-2c55-416a-9f8c-2a9ee864e19a
2026-04-29T10:10:28Z,java-jvm,1769,100k,cold,1352.77,2805,2805,187,5c2a519f-45e8-4935-92ad-50551cf456d0
2026-04-29T10:10:37Z,java-jvm,1769,100k,cold,1042.10,2297,2297,185,1eb865c7-22ac-42da-ad77-fdaf68262614
2026-04-29T10:10:46Z,java-jvm,1769,100k,cold,1068.92,2307,2307,187,2bb6ee78-15ad-45db-8f23-fa7d5c5ae8ab
2026-04-29T10:10:56Z,java-jvm,1769,100k,cold,1090.50,2358,2358,185,e1a897f7-da51-49c1-a79a-30af3248f05b
2026-04-29T10:11:06Z,java-jvm,1769,100k,cold,1066.08,2334,2334,187,5b1e16ae-558c-4c84-b85f-9808cd5443f7
2026-04-29T10:11:16Z,java-jvm,1769,100k,cold,1446.39,2973,2973,185,0f676fba-148c-46b8-8559-e897e800fdca
2026-04-29T10:11:26Z,java-jvm,1769,100k,cold,1115.49,2415,2415,188,cd7ff039-c713-4ffc-a9a6-b0c8071ba536
2026-04-29T10:11:36Z,java-jvm,1769,100k,cold,1440.80,2898,2898,189,69ca4e4e-e150-47b6-80eb-fd025d55db1e
2026-04-29T10:11:46Z,java-jvm,1769,100k,cold,1121.62,2401,2401,187,f9f141c2-a19f-4f62-b9d4-2703cd699d20
2026-04-29T10:11:47Z,java-jvm,1769,100k,warm,,17,17,187,d08c9949-f194-44c8-9239-fd484318431b
2026-04-29T10:11:48Z,java-jvm,1769,100k,warm,,16,16,187,8a970f63-4022-457e-957f-71eb6617b0af
2026-04-29T10:11:49Z,java-jvm,1769,100k,warm,,16,16,188,7fa357b3-3548-4739-bc7e-83832d18991f
2026-04-29T10:11:50Z,java-jvm,1769,100k,warm,,16,16,188,6a44cf67-a1e6-416e-86ef-b34b9f73b5b2
2026-04-29T10:11:50Z,java-jvm,1769,100k,warm,,15,15,188,ab2df0ac-8c93-47bd-b2c2-09e624fe6788
2026-04-29T10:11:51Z,java-jvm,1769,100k,warm,,19,19,188,a5bb468b-36fb-4e2c-ad0f-5c842b635045
2026-04-29T10:11:51Z,java-jvm,1769,100k,warm,,16,16,188,8a9343c6-659f-4282-93a8-91c17e43ef57
2026-04-29T10:11:52Z,java-jvm,1769,100k,warm,,16,16,188,cca865b4-db8b-424b-9976-97aaec0e8fac
2026-04-29T10:11:53Z,java-jvm,1769,100k,warm,,21,21,190,0d357fe0-01b5-4f54-b9f2-f40c17f8e3d8
2026-04-29T10:11:54Z,java-jvm,1769,100k,warm,,16,16,190,b60345e8-96d0-4653-8f6d-a7bc779664f6
2026-04-29T10:11:54Z,java-jvm,1769,100k,warm,,16,16,190,35fe95dc-3c05-4c73-9961-00cc3791771d
2026-04-29T10:11:55Z,java-jvm,1769,100k,warm,,16,16,190,933b6c66-0e38-4117-a627-b45b2d5e4091
2026-04-29T10:11:56Z,java-jvm,1769,100k,warm,,17,17,190,9d2ad3e6-c082-49a8-a218-e0f0deac6395
2026-04-29T10:11:56Z,java-jvm,1769,100k,warm,,16,16,190,d0ec1555-ad1f-4a11-a8b4-20cc86f1c3f1
2026-04-29T10:11:57Z,java-jvm,1769,100k,warm,,24,24,190,913acaf9-54c5-45a7-ac78-c6c9cb9e48ac
2026-04-29T10:11:58Z,java-jvm,1769,100k,warm,,14,14,190,bf41bf8b-860d-4c14-b98a-f117904d7c79
2026-04-29T10:11:58Z,java-jvm,1769,100k,warm,,15,15,190,764f244c-079b-472a-aeeb-abab22b90f29
2026-04-29T10:11:59Z,java-jvm,1769,100k,warm,,15,15,190,5285e3b5-adef-4406-8cee-025e50ad5478
2026-04-29T10:12:00Z,java-jvm,1769,100k,warm,,17,17,190,0ee9a830-fdbf-42b2-8de4-5533ae7288f3
2026-04-29T10:12:00Z,java-jvm,1769,100k,warm,,16,16,190,d2ff4923-0a4e-42cd-a687-91c1f7b0e7dc
2026-04-29T10:12:01Z,java-jvm,1769,100k,warm,,15,15,190,5f4ba09f-55e9-4834-831e-491814bd0842
2026-04-29T10:12:02Z,java-jvm,1769,100k,warm,,16,16,190,95308da1-bcff-4561-b81c-31bc7829fa77
2026-04-29T10:12:02Z,java-jvm,1769,100k,warm,,15,15,191,aa37a88f-a097-412a-8d67-9b54ef0c2555
2026-04-29T10:12:03Z,java-jvm,1769,100k,warm,,15,15,191,6e48a3b4-10fc-4481-be73-6436787b0834
2026-04-29T10:12:04Z,java-jvm,1769,100k,warm,,15,15,191,a7bb7289-330b-4cae-a787-e87ea68d0b78
2026-04-29T10:12:04Z,java-jvm,1769,100k,warm,,16,16,191,7fc042da-3d84-4808-863e-bbe5f3661c57
2026-04-29T10:12:05Z,java-jvm,1769,100k,warm,,16,16,191,cebc9ac7-8237-4a73-b903-c0ffe8b9689e
2026-04-29T10:12:05Z,java-jvm,1769,100k,warm,,15,15,191,cc5c7555-df1a-40e0-8cf7-c608e5d6f8b7
2026-04-29T10:12:06Z,java-jvm,1769,100k,warm,,17,17,191,1329effc-fd3c-4290-b826-e6513221cd94
2026-04-29T10:12:07Z,java-jvm,1769,100k,warm,,16,16,191,c9618c7b-c07f-41ab-806c-fc62f49f9ec9
2026-04-29T10:12:07Z,java-jvm,1769,100k,warm,,15,15,191,90048c0e-c7bf-4f9d-a11d-4e05f17787ec
2026-04-29T10:12:08Z,java-jvm,1769,100k,warm,,15,15,191,642fd932-385e-4ce7-8e37-98b71ad4d99e
2026-04-29T10:12:09Z,java-jvm,1769,100k,warm,,15,15,191,12f0ff8e-362d-4b93-b51c-d2d9849ffb06
2026-04-29T10:12:09Z,java-jvm,1769,100k,warm,,15,15,191,a60a4401-de70-4c33-a8f5-119ef7ae45eb
2026-04-29T10:12:10Z,java-jvm,1769,100k,warm,,14,14,191,0d63069f-48a6-4535-bc1a-e1d8e66f0858
2026-04-29T10:12:11Z,java-jvm,1769,100k,warm,,14,14,191,33c0d493-9d62-4af5-b2c2-0710e56266df
2026-04-29T10:12:11Z,java-jvm,1769,100k,warm,,15,15,191,d277af5f-1a5e-4be8-a814-12f4c57f19e4
2026-04-29T10:12:12Z,java-jvm,1769,100k,warm,,15,15,191,946d0371-60c5-4fe9-b749-5284c2b7fdd8
2026-04-29T10:12:12Z,java-jvm,1769,100k,warm,,16,16,191,569d9d07-52a8-4c46-9174-e7c4346efd16
2026-04-29T10:12:13Z,java-jvm,1769,100k,warm,,16,16,191,89f6ab66-e6b1-476c-a6a3-a4b8b8c8b90b
2026-04-29T10:12:14Z,java-jvm,1769,100k,warm,,14,14,191,dda297cd-5143-4534-9f0b-98b4775d65e8
2026-04-29T10:12:14Z,java-jvm,1769,100k,warm,,15,15,191,ad7537b3-2952-4e3f-9ce7-586abaa241a0
2026-04-29T10:12:15Z,java-jvm,1769,100k,warm,,14,14,191,0a380c03-f360-45ab-a471-e7fa83903c9e
2026-04-29T10:12:16Z,java-jvm,1769,100k,warm,,14,14,191,340d2672-8db2-4c74-b45d-5e8af3997860
2026-04-29T10:12:16Z,java-jvm,1769,100k,warm,,16,16,191,68ed9974-34ac-4305-927b-ce4cd12fe132
2026-04-29T10:12:17Z,java-jvm,1769,100k,warm,,14,14,191,dfc2ee4f-aa4b-4da6-be65-3b1b2b8e9cad
2026-04-29T10:12:18Z,java-jvm,1769,100k,warm,,16,16,191,80654de3-8800-4565-868b-ec2716eaec54
2026-04-29T10:12:18Z,java-jvm,1769,100k,warm,,15,15,191,452d42c4-400a-40f5-a906-9431eee10c1f
2026-04-29T10:12:19Z,java-jvm,1769,100k,warm,,15,15,191,aeb88668-5622-4cbc-a2d3-70c2eb749440
2026-04-29T10:12:19Z,java-jvm,1769,100k,warm,,15,15,191,5afefe9e-7f1f-49ca-b4eb-4e2a657ee272
2026-04-29T10:12:30Z,java-jvm,1769,1m,cold,1401.96,2849,2849,193,5429bbac-5cce-48a7-b61d-7752b9aab65f
2026-04-29T10:12:39Z,java-jvm,1769,1m,cold,1107.78,2406,2406,193,2112e2f2-cf34-4260-b3f4-b77a3f95193f
2026-04-29T10:12:49Z,java-jvm,1769,1m,cold,1112.58,2396,2396,193,85d41bbe-1dcd-41b9-ab0e-24fe70541987
2026-04-29T10:13:00Z,java-jvm,1769,1m,cold,1408.43,2884,2884,191,c511e1e6-8353-434f-8501-98943eccad06
2026-04-29T10:13:09Z,java-jvm,1769,1m,cold,1082.87,2371,2371,193,acd99cf4-0c9e-4a61-be31-b54072a83855
2026-04-29T10:13:20Z,java-jvm,1769,1m,cold,1410.26,2907,2907,191,66874946-67bc-497a-8e0c-a8690254151f
2026-04-29T10:13:30Z,java-jvm,1769,1m,cold,1078.56,2353,2353,195,af2af388-d690-444e-8454-3baa4a3dbb7a
2026-04-29T10:13:39Z,java-jvm,1769,1m,cold,1067.75,2353,2353,193,f70ef790-3ce1-498c-b887-21cdf05d1b06
2026-04-29T10:13:50Z,java-jvm,1769,1m,cold,1390.05,2915,2915,191,fe11ad77-8c9c-4c37-a387-22263c4a2200
2026-04-29T10:14:00Z,java-jvm,1769,1m,cold,1416.76,2928,2928,193,4454a3a8-2be4-42c1-89de-b3fa03ab5362
2026-04-29T10:14:10Z,java-jvm,1769,1m,cold,1090.42,2372,2372,193,366659cc-a9bc-46c0-b347-34f9a031518d
2026-04-29T10:14:20Z,java-jvm,1769,1m,cold,1113.84,2414,2414,193,70f35c69-8f4b-4278-b74c-d33ca7282e55
2026-04-29T10:14:29Z,java-jvm,1769,1m,cold,1047.46,2293,2293,193,c99df1d3-107f-4add-8e40-c5473e73801e
2026-04-29T10:14:39Z,java-jvm,1769,1m,cold,1057.63,2337,2337,193,4a479b8c-b6f8-4015-8789-0438ba9e3a3b
2026-04-29T10:14:49Z,java-jvm,1769,1m,cold,1090.75,2369,2369,193,8341685a-2649-416c-9773-8dd38338d773
2026-04-29T10:14:58Z,java-jvm,1769,1m,cold,1050.23,2301,2301,191,aaf6e5e7-30b7-4edb-b987-fc18155efa92
2026-04-29T10:15:08Z,java-jvm,1769,1m,cold,1121.44,2414,2414,193,5103a8f6-1f4a-4c31-b9a5-08890963d1f7
2026-04-29T10:15:18Z,java-jvm,1769,1m,cold,1111.73,2502,2502,193,9d4fe680-3c94-499b-a35b-2c757c56afa9
2026-04-29T10:15:27Z,java-jvm,1769,1m,cold,1115.81,2403,2403,193,2ac51451-9497-4e80-83bf-b40f3fc71122
2026-04-29T10:15:37Z,java-jvm,1769,1m,cold,1078.11,2348,2348,193,01677143-8a0b-4def-8bb5-922aa988a7d3
2026-04-29T10:15:47Z,java-jvm,1769,1m,cold,1105.56,2345,2345,195,932eb3c7-1d11-4b49-b7f7-78b58ef51fb0
2026-04-29T10:15:57Z,java-jvm,1769,1m,cold,1430.51,2910,2910,193,a463f5d7-4a48-42af-96ae-65f110d6999f
2026-04-29T10:16:07Z,java-jvm,1769,1m,cold,1071.85,2356,2356,193,111fa0a7-4f7d-41f8-b88f-701cfe53735f
2026-04-29T10:16:16Z,java-jvm,1769,1m,cold,1161.26,2485,2485,193,7f537fa7-8f8e-4d47-ae41-bf3fb8bd7ee7
2026-04-29T10:16:26Z,java-jvm,1769,1m,cold,1085.64,2364,2364,195,d9726866-1ab8-407b-bd3d-e4ae24736e02
2026-04-29T10:16:36Z,java-jvm,1769,1m,cold,1063.12,2345,2345,193,fa4db969-d892-4476-a360-2cce4de18a39
2026-04-29T10:16:45Z,java-jvm,1769,1m,cold,1059.44,2356,2356,193,959aa077-9835-4352-bb01-7c80f58b4ade
2026-04-29T10:16:55Z,java-jvm,1769,1m,cold,1144.30,2454,2454,191,05ea8625-b01a-4cba-bcdc-152753afd762
2026-04-29T10:17:05Z,java-jvm,1769,1m,cold,1149.87,2514,2514,193,774f1941-1c4d-4e60-a916-05473226086d
2026-04-29T10:17:15Z,java-jvm,1769,1m,cold,1106.79,2417,2417,195,8d7c9b2b-0e28-443e-8c1a-864f19260018
2026-04-29T10:17:24Z,java-jvm,1769,1m,cold,1074.72,2342,2342,191,1fb1c5be-1141-4c55-b718-1c3e3ae7ddea
2026-04-29T10:17:34Z,java-jvm,1769,1m,cold,1098.05,2400,2400,193,397d6102-1d79-4fda-9fdb-dcd616ad42fc
2026-04-29T10:17:44Z,java-jvm,1769,1m,cold,1084.75,2356,2356,189,a2fc6c4a-0b6d-4d35-a504-c4b5919534f6
2026-04-29T10:17:54Z,java-jvm,1769,1m,cold,1044.45,2303,2303,193,23cd6445-7549-436b-8ba2-d1eb3a8ff6ee
2026-04-29T10:18:03Z,java-jvm,1769,1m,cold,1108.45,2431,2431,191,efaf8652-3b5a-4d93-b785-34e8d7deefdd
2026-04-29T10:18:13Z,java-jvm,1769,1m,cold,1079.85,2401,2401,193,d7093d05-ae20-41fc-ab8d-b002a63a69aa
2026-04-29T10:18:23Z,java-jvm,1769,1m,cold,1076.66,2334,2334,189,3fade74e-5a7f-4727-a2ec-fa7d4a3833fd
2026-04-29T10:18:33Z,java-jvm,1769,1m,cold,1430.44,2917,2917,193,11003a66-c849-4286-89dd-42eb03636af3
2026-04-29T10:18:43Z,java-jvm,1769,1m,cold,1411.05,2886,2886,193,b5b7aa94-06c9-4975-a756-99b8195b4c8b
2026-04-29T10:18:53Z,java-jvm,1769,1m,cold,1422.14,2886,2886,191,ed65d369-20ec-4a90-8ba1-7d3bea605d51
2026-04-29T10:19:03Z,java-jvm,1769,1m,cold,1081.54,2370,2370,193,b1e9c62d-3de6-4398-b076-96f1cea1f63b
2026-04-29T10:19:13Z,java-jvm,1769,1m,cold,1046.89,2365,2365,195,c3dca185-a550-481d-8e39-0af526721b04
2026-04-29T10:19:23Z,java-jvm,1769,1m,cold,1458.94,2952,2952,193,ccd69f61-b99d-46d9-8c75-3b6f7d4e1419
2026-04-29T10:19:33Z,java-jvm,1769,1m,cold,1106.88,2388,2388,190,7a4a75ff-36fa-41ce-b64c-279ccc56e868
2026-04-29T10:19:43Z,java-jvm,1769,1m,cold,1391.64,2838,2838,195,52d83244-ccd4-4e1b-b1b7-e8feeb5faf0b
2026-04-29T10:19:53Z,java-jvm,1769,1m,cold,1036.83,2324,2324,191,ffe58c04-126f-4e1f-8a30-e38135e02875
2026-04-29T10:20:03Z,java-jvm,1769,1m,cold,1440.04,2926,2926,193,d333813c-6bf0-4f7b-9471-6ee5ce9452f7
2026-04-29T10:20:13Z,java-jvm,1769,1m,cold,1102.92,2424,2424,193,9839af2e-dc53-43a2-9aa3-60a4d01d6580
2026-04-29T10:20:23Z,java-jvm,1769,1m,cold,1385.21,2891,2891,193,736d2659-4647-417e-911e-10518db3d8dd
2026-04-29T10:20:33Z,java-jvm,1769,1m,cold,1081.78,2319,2319,191,c3686148-e7f6-4c12-ad73-8bc114172b6a
2026-04-29T10:20:35Z,java-jvm,1769,1m,warm,,54,54,197,c785659b-9fc7-4768-ae5f-c790eb3389c5
2026-04-29T10:20:36Z,java-jvm,1769,1m,warm,,45,45,197,8bdb8ce5-a538-4b32-bb57-bd2dbf87d3d2
2026-04-29T10:20:37Z,java-jvm,1769,1m,warm,,42,42,199,1667517b-bbd2-4ad5-b106-4cf38092c468
2026-04-29T10:20:38Z,java-jvm,1769,1m,warm,,39,39,199,223d987b-f921-491e-80b9-7dd0bcced6c5
2026-04-29T10:20:38Z,java-jvm,1769,1m,warm,,45,45,201,29647656-18ec-4f25-865d-74c90dad7b50
2026-04-29T10:20:39Z,java-jvm,1769,1m,warm,,36,36,201,06b6aa5c-1a67-48c0-b655-73932ee172f0
2026-04-29T10:20:40Z,java-jvm,1769,1m,warm,,48,48,203,041a7cd2-65aa-4d2c-9bed-2b1d1e87ebdd
2026-04-29T10:20:41Z,java-jvm,1769,1m,warm,,42,42,203,b74b67d0-7dd7-42de-bbd8-422b4bc699b1
2026-04-29T10:20:41Z,java-jvm,1769,1m,warm,,42,42,203,563bbffd-a542-4b93-8ef1-1e0c84f886da
2026-04-29T10:20:42Z,java-jvm,1769,1m,warm,,38,38,204,aaa6f2c2-51f9-4cda-94bb-76070dbc038c
2026-04-29T10:20:43Z,java-jvm,1769,1m,warm,,41,41,204,b726fae9-19f1-4b42-8dda-3447112bc615
2026-04-29T10:20:44Z,java-jvm,1769,1m,warm,,46,46,204,3a086022-e484-4864-ac03-e6f31863d51a
2026-04-29T10:20:45Z,java-jvm,1769,1m,warm,,36,36,204,6fb43ae9-a618-4c84-939d-ca3e01828b3e
2026-04-29T10:20:45Z,java-jvm,1769,1m,warm,,44,44,204,d6da8e83-df17-4eb8-931d-fbbb47f8b6bb
2026-04-29T10:20:46Z,java-jvm,1769,1m,warm,,39,39,204,81090bf7-a2de-4f64-b642-b9233ec73ec1
2026-04-29T10:20:47Z,java-jvm,1769,1m,warm,,46,46,208,e1dc5810-f047-4612-be30-0141e480004f
2026-04-29T10:20:48Z,java-jvm,1769,1m,warm,,41,41,208,8c12f2b3-a1dd-487b-8bb9-fb88f016e0c8
2026-04-29T10:20:48Z,java-jvm,1769,1m,warm,,34,34,208,7c050507-1811-46f6-a225-00a61e8e3435
2026-04-29T10:20:49Z,java-jvm,1769,1m,warm,,34,34,208,36e5e03f-98c6-4a10-ab4e-b2d98c204076
2026-04-29T10:20:50Z,java-jvm,1769,1m,warm,,38,38,208,15944367-8b85-4d02-8d99-246a656ae141
2026-04-29T10:20:51Z,java-jvm,1769,1m,warm,,34,34,208,ab2c1cab-433b-45e3-b953-cb48d1adccfa
2026-04-29T10:20:52Z,java-jvm,1769,1m,warm,,35,35,208,c68b6385-f878-4cad-9fb2-49cb4dec9d3a
2026-04-29T10:20:53Z,java-jvm,1769,1m,warm,,46,46,208,7e771257-e671-4889-a775-0bb652c57504
2026-04-29T10:20:53Z,java-jvm,1769,1m,warm,,37,37,208,9efdd8bd-3663-4fa4-b9cc-eaf125425a0e
2026-04-29T10:20:54Z,java-jvm,1769,1m,warm,,45,45,210,c9a752e2-f563-4d91-a114-e49276c52800
2026-04-29T10:20:55Z,java-jvm,1769,1m,warm,,38,38,210,f4240751-899b-4098-9cd4-a0880038b923
2026-04-29T10:20:56Z,java-jvm,1769,1m,warm,,34,34,212,126747b9-7ce9-4783-bb16-5dc0db20fc25
2026-04-29T10:20:56Z,java-jvm,1769,1m,warm,,40,40,212,dd0e4a31-8fb7-4329-a159-ff008c7064b9
2026-04-29T10:20:57Z,java-jvm,1769,1m,warm,,36,36,214,671f49e9-9997-47c0-a258-4726f654b184
2026-04-29T10:20:58Z,java-jvm,1769,1m,warm,,47,47,214,429ff5b2-d5c0-481c-a228-11c0688d8cb3
2026-04-29T10:20:59Z,java-jvm,1769,1m,warm,,38,38,214,3f4e1f83-b253-4ac4-b2d6-abc13c563c2e
2026-04-29T10:20:59Z,java-jvm,1769,1m,warm,,39,39,214,f894e45a-7de7-4bfb-b0e0-b35cb0fe1c6f
2026-04-29T10:21:00Z,java-jvm,1769,1m,warm,,36,36,214,da57a736-9794-447b-bd76-b45f3bce6688
2026-04-29T10:21:01Z,java-jvm,1769,1m,warm,,38,38,215,5a6b4f30-869f-4800-831d-6edd3e0e3bce
2026-04-29T10:21:02Z,java-jvm,1769,1m,warm,,34,34,215,81c153bc-e541-471a-8939-67a815ab213b
2026-04-29T10:21:02Z,java-jvm,1769,1m,warm,,46,46,215,103a6f77-7eaa-464d-a514-8a73d4e11ee6
2026-04-29T10:21:03Z,java-jvm,1769,1m,warm,,40,40,215,337992f3-baef-457f-afda-d1f08df91e99
2026-04-29T10:21:04Z,java-jvm,1769,1m,warm,,37,37,216,1847fc21-63b2-4717-8451-83180425f83e
2026-04-29T10:21:05Z,java-jvm,1769,1m,warm,,35,35,216,136ae65f-7119-4900-ad9d-00ca85c9f056
2026-04-29T10:21:06Z,java-jvm,1769,1m,warm,,43,43,217,2cf55fe4-c31e-42bc-bc58-f32d57f6baf7
2026-04-29T10:21:06Z,java-jvm,1769,1m,warm,,46,46,217,7872a19a-035b-443b-8b85-ab07a79b0fe3
2026-04-29T10:21:07Z,java-jvm,1769,1m,warm,,38,38,217,63086161-014f-445b-a0d4-e323a75268da
2026-04-29T10:21:08Z,java-jvm,1769,1m,warm,,39,39,217,40ca9984-25b7-4b50-b86a-4f526c2f8a2a
2026-04-29T10:21:09Z,java-jvm,1769,1m,warm,,38,38,217,dc44a336-daa8-4cd2-935f-bc3faa92ca31
2026-04-29T10:21:09Z,java-jvm,1769,1m,warm,,40,40,217,7732fec2-03d0-4f2d-8067-f300111c13f1
2026-04-29T10:21:10Z,java-jvm,1769,1m,warm,,39,39,218,b743b2d0-a2d5-4d35-97c8-55cdf3af239f
2026-04-29T10:21:11Z,java-jvm,1769,1m,warm,,43,43,219,71d2d50c-e0d0-4f65-b0ed-b70be97a1969
2026-04-29T10:21:12Z,java-jvm,1769,1m,warm,,40,40,219,6eca6df0-64ae-4817-8c12-0e011414a347
2026-04-29T10:21:12Z,java-jvm,1769,1m,warm,,43,43,221,e3ae6e90-46f7-45ba-84a2-be34e7752364
2026-04-29T10:21:13Z,java-jvm,1769,1m,warm,,35,35,221,260471f0-f37e-493d-8e71-5da41b4dbd5d
2026-04-29T10:21:21Z,java-native,512,1k,cold,520.90,567,567,92,d50ade96-70ec-4c20-a506-482905428f24
2026-04-29T10:21:29Z,java-native,512,1k,cold,393.40,446,446,90,4f13f04e-5227-4e19-8a6d-9ccb989b68f7
2026-04-29T10:21:37Z,java-native,512,1k,cold,389.31,441,441,92,f0f1ce95-217a-46e3-a1fa-bdda32164370
2026-04-29T10:21:45Z,java-native,512,1k,cold,394.44,430,430,92,4d81fad3-d31c-4dcb-81ac-3c846965867b
2026-04-29T10:21:52Z,java-native,512,1k,cold,515.22,576,576,90,8f06bb9c-b897-41d9-9ede-5574386bb930
2026-04-29T10:22:00Z,java-native,512,1k,cold,519.80,558,558,92,a3681305-de87-4205-a297-501272078eac
2026-04-29T10:22:08Z,java-native,512,1k,cold,373.41,435,435,92,9a43b3a4-4dc0-458d-b90c-e957c59de093
2026-04-29T10:22:16Z,java-native,512,1k,cold,379.65,432,432,92,a4c74b04-0de3-4a84-9367-2c90b8e2730b
2026-04-29T10:22:24Z,java-native,512,1k,cold,387.34,431,431,90,9d0f4c3b-07ff-44ef-934f-2c215453b985
2026-04-29T10:22:32Z,java-native,512,1k,cold,393.86,436,436,92,ff21ee04-233a-4eb9-88b8-2a5deebdbcaf
2026-04-29T10:22:39Z,java-native,512,1k,cold,385.68,426,426,92,c123d754-d93a-4df1-b462-8edc42281ed8
2026-04-29T10:22:47Z,java-native,512,1k,cold,382.75,437,437,90,6015d02d-a55e-4945-8269-8fcdef619d6e
2026-04-29T10:22:55Z,java-native,512,1k,cold,389.38,437,437,90,a485e352-4e0a-41ec-88b9-a7dd52080f74
2026-04-29T10:23:03Z,java-native,512,1k,cold,390.71,426,426,92,f6e45653-3b1d-405e-9776-25d230e262c1
2026-04-29T10:23:10Z,java-native,512,1k,cold,522.22,567,567,92,68e3e3ff-1a57-4087-8719-989deb34c52e
2026-04-29T10:23:18Z,java-native,512,1k,cold,386.66,440,440,92,137f55a2-5a51-4fb5-8475-623528bce5e2
2026-04-29T10:23:26Z,java-native,512,1k,cold,378.85,425,425,92,643751c8-ec01-4235-817d-063ac5826d6c
2026-04-29T10:23:33Z,java-native,512,1k,cold,521.49,569,569,92,1b161290-9d7a-4af6-a0cd-0a95e897fde9
2026-04-29T10:23:41Z,java-native,512,1k,cold,377.39,437,437,92,a680dd4b-2ed2-43ec-9b6a-379e02dc5e0b
2026-04-29T10:23:49Z,java-native,512,1k,cold,375.63,435,435,90,cf119f22-f5b9-4bc3-a0ae-f585b4fb6114
2026-04-29T10:23:57Z,java-native,512,1k,cold,389.72,434,434,90,575bff63-0dc3-4c8b-9d4d-3d8ad2e3244f
2026-04-29T10:24:04Z,java-native,512,1k,cold,381.82,438,438,92,7ee48248-aed0-442b-979e-61be507c7338
2026-04-29T10:24:12Z,java-native,512,1k,cold,385.59,432,432,92,211a125c-fafd-4b3b-8939-8beaa244ebba
2026-04-29T10:24:19Z,java-native,512,1k,cold,417.42,462,462,90,9149a06c-8d24-42be-b262-1609a62bf8aa
2026-04-29T10:24:27Z,java-native,512,1k,cold,387.13,433,433,90,91e57582-bd66-41b8-8ff9-c4139167f3f3
2026-04-29T10:24:35Z,java-native,512,1k,cold,525.84,582,582,92,155b2ec4-fa1a-4b79-93cf-346131d9b308
2026-04-29T10:24:42Z,java-native,512,1k,cold,377.61,425,425,90,a0926328-d7a6-422d-b5d9-f5f79e7908cd
2026-04-29T10:24:50Z,java-native,512,1k,cold,384.82,427,427,92,90a21d7d-50da-4b87-86cf-e30f0fb74e49
2026-04-29T10:24:58Z,java-native,512,1k,cold,516.75,570,570,92,a18425fe-a998-423d-9180-2cfce32f1327
2026-04-29T10:25:05Z,java-native,512,1k,cold,396.34,452,452,92,e2c40766-9611-4307-a4d3-92d7a3692349
2026-04-29T10:25:13Z,java-native,512,1k,cold,398.26,442,442,92,2ae883a6-962c-49c1-8f62-c2b3c088a186
2026-04-29T10:25:21Z,java-native,512,1k,cold,377.07,423,423,90,201e5c8e-3d53-47c4-9935-e0172a8c827a
2026-04-29T10:25:29Z,java-native,512,1k,cold,511.64,552,552,90,3fd90ff1-c365-4d3f-9a00-2606d7041be2
2026-04-29T10:25:37Z,java-native,512,1k,cold,385.57,440,440,92,33e3433f-816a-4778-b2d3-1796a933ca53
2026-04-29T10:25:44Z,java-native,512,1k,cold,387.28,435,435,92,cfc62b9c-a02e-4aee-8e6b-70323f921cdb
2026-04-29T10:25:52Z,java-native,512,1k,cold,378.88,429,429,92,61bb7eef-aa4b-4003-acf0-ad47565c6258
2026-04-29T10:25:59Z,java-native,512,1k,cold,376.28,430,430,92,091666f9-00e9-4cf7-9c66-6f3d1648d7bc
2026-04-29T10:26:07Z,java-native,512,1k,cold,397.79,444,444,90,4833f754-6f32-45b3-bcff-cfc213cd429e
2026-04-29T10:26:15Z,java-native,512,1k,cold,384.17,430,430,90,5356dcc0-fdb4-4fae-9052-ab787ae5ebbd
2026-04-29T10:26:23Z,java-native,512,1k,cold,515.02,565,565,92,989a1363-d577-4b98-b130-fa74d26fe739
2026-04-29T10:26:30Z,java-native,512,1k,cold,375.19,418,418,90,f92813e5-01be-4914-92e2-85ba3bd362a8
2026-04-29T10:26:38Z,java-native,512,1k,cold,381.97,426,426,90,610a90dd-f624-4307-8fa5-61c0bfae8f5a
2026-04-29T10:26:46Z,java-native,512,1k,cold,391.05,443,443,92,1c5e8035-4e0e-4ddb-8422-4721bbabc035
2026-04-29T10:26:53Z,java-native,512,1k,cold,511.87,570,570,92,56c8b210-c53f-4c70-96ef-8833f9b7734f
2026-04-29T10:27:01Z,java-native,512,1k,cold,519.49,587,587,92,d1761ac7-9582-4d83-88aa-e2b77448db0f
2026-04-29T10:27:09Z,java-native,512,1k,cold,394.72,436,436,92,72cfef4c-e5b3-4c55-abe6-5da81306b22d
2026-04-29T10:27:17Z,java-native,512,1k,cold,399.85,449,449,92,e4e59fd4-e90f-442c-aa6b-058c9bf633e7
2026-04-29T10:27:25Z,java-native,512,1k,cold,520.04,577,577,92,5053df76-98eb-4ca3-8a59-ee5c96bbcd76
2026-04-29T10:27:33Z,java-native,512,1k,cold,522.87,573,573,92,e89303c9-a8b5-4d91-967c-181a9783db42
2026-04-29T10:27:40Z,java-native,512,1k,cold,388.31,423,423,92,59ef6ed6-402c-407c-b6c3-0d99c8a5dbbc
2026-04-29T10:27:42Z,java-native,512,1k,warm,,12,12,93,28dc031f-46b3-46ab-ab2e-4b2d895e6f84
2026-04-29T10:27:43Z,java-native,512,1k,warm,,12,12,93,928bafd0-a16f-4370-bb4c-53b0e530a7d1
2026-04-29T10:27:43Z,java-native,512,1k,warm,,14,14,94,f1267392-9272-40aa-bc0d-19e978c91dc5
2026-04-29T10:27:44Z,java-native,512,1k,warm,,11,11,94,fab3d457-16c7-42b1-bb7d-4edcb78e9d15
2026-04-29T10:27:44Z,java-native,512,1k,warm,,12,12,94,206e5c32-a06b-441d-8cc5-6792aee134d3
2026-04-29T10:27:45Z,java-native,512,1k,warm,,13,13,95,6997ce2e-4170-4632-99bd-c53168aaee33
2026-04-29T10:27:45Z,java-native,512,1k,warm,,11,11,95,5edc1639-ec3a-411b-b86e-9686c98bd4fa
2026-04-29T10:27:46Z,java-native,512,1k,warm,,12,12,95,9325414f-9bc5-479f-b83f-cc3364ab12d7
2026-04-29T10:27:46Z,java-native,512,1k,warm,,20,20,96,f2c7d663-7bc4-4104-9995-c2abbfb92395
2026-04-29T10:27:47Z,java-native,512,1k,warm,,11,11,96,21dc8179-3edc-4f84-9878-7f38a01264df
2026-04-29T10:27:47Z,java-native,512,1k,warm,,10,10,96,d449da7d-95e7-4ce4-b14d-be154a7ed255
2026-04-29T10:27:48Z,java-native,512,1k,warm,,11,11,97,9258b0da-dd76-4ad3-b185-17731b23fe5f
2026-04-29T10:27:48Z,java-native,512,1k,warm,,11,11,97,9606f75b-45be-4b41-9afd-498f0e9ac910
2026-04-29T10:27:49Z,java-native,512,1k,warm,,11,11,97,2430e306-a26e-4619-bae9-2a9b3ad47b73
2026-04-29T10:27:50Z,java-native,512,1k,warm,,11,11,98,464371d6-8cc5-4502-90d3-ad2ce85ddb13
2026-04-29T10:27:50Z,java-native,512,1k,warm,,13,13,98,0f782bb8-7ba6-468f-a2ac-d82f25b6fdd1
2026-04-29T10:27:51Z,java-native,512,1k,warm,,11,11,98,03ca7761-8194-42ef-a624-964e518358ed
2026-04-29T10:27:51Z,java-native,512,1k,warm,,10,10,99,f7a93e68-758e-494f-bf83-e7706514348c
2026-04-29T10:27:52Z,java-native,512,1k,warm,,11,11,99,f2752f49-5ce4-4436-9132-641fd5481b6d
2026-04-29T10:27:52Z,java-native,512,1k,warm,,11,11,99,93db5da7-65e6-4efb-a801-02b8be07a398
2026-04-29T10:27:53Z,java-native,512,1k,warm,,12,12,100,c3b10768-52ea-4799-8bc9-1b98651ccb96
2026-04-29T10:27:53Z,java-native,512,1k,warm,,10,10,100,b2e5f8be-18de-4197-a704-65667d4ab92c
2026-04-29T10:27:54Z,java-native,512,1k,warm,,10,10,100,0bb75a8c-0f78-45dc-a3b6-6d194f0bb2fe
2026-04-29T10:27:54Z,java-native,512,1k,warm,,11,11,101,0ee31c6d-bdae-47be-a386-f2890b4c554a
2026-04-29T10:27:55Z,java-native,512,1k,warm,,12,12,101,535de37b-f484-4e06-bf07-54445292c192
2026-04-29T10:27:56Z,java-native,512,1k,warm,,11,11,101,be469857-34f8-4e36-8111-1ce752be3b4d
2026-04-29T10:27:56Z,java-native,512,1k,warm,,12,12,102,134116a6-f2ed-430f-83c0-bf476ab1603b
2026-04-29T10:27:57Z,java-native,512,1k,warm,,11,11,102,9a55acb4-4bc4-4db6-90bf-7f31d78bfee6
2026-04-29T10:27:57Z,java-native,512,1k,warm,,11,11,102,450b8e5f-4f65-42b3-964f-be0ac79c7b8e
2026-04-29T10:27:58Z,java-native,512,1k,warm,,12,12,103,b69a0f59-8eb0-4812-94d4-8814cd4012ce
2026-04-29T10:27:58Z,java-native,512,1k,warm,,11,11,103,45997e43-d20e-4606-bc1c-ae8497f353a2
2026-04-29T10:27:59Z,java-native,512,1k,warm,,11,11,104,fce7ef01-b5b9-4ad1-8e3e-cbe3ae17a5df
2026-04-29T10:27:59Z,java-native,512,1k,warm,,11,11,104,3a63fd89-3b26-4648-999a-f5169f715c33
2026-04-29T10:28:00Z,java-native,512,1k,warm,,12,12,104,e15b1f8b-331d-424c-b357-c2508a097d57
2026-04-29T10:28:00Z,java-native,512,1k,warm,,10,10,105,aec1accf-ceb2-45ab-bff1-d3235c0d5300
2026-04-29T10:28:01Z,java-native,512,1k,warm,,11,11,105,3f3cefbd-d4be-4dcf-856e-b9a329ba137e
2026-04-29T10:28:01Z,java-native,512,1k,warm,,11,11,105,88420591-b1bf-489a-b098-564aaebd3021
2026-04-29T10:28:02Z,java-native,512,1k,warm,,11,11,106,d8658203-2726-47eb-941d-41302662da7c
2026-04-29T10:28:02Z,java-native,512,1k,warm,,11,11,106,6e84d20f-ab84-4e70-ab85-b183786354e5
2026-04-29T10:28:03Z,java-native,512,1k,warm,,11,11,106,9a78e70d-14e7-4fc2-94ee-8194c218426d
2026-04-29T10:28:04Z,java-native,512,1k,warm,,12,12,107,969eb23a-9b98-480b-aaa2-0c6ce20c4305
2026-04-29T10:28:04Z,java-native,512,1k,warm,,11,11,107,a2a8e7ad-47e2-41d7-ba86-62b847d7ba58
2026-04-29T10:28:05Z,java-native,512,1k,warm,,12,12,107,d64c50e7-f935-4dd9-a13c-4d6f110c3da7
2026-04-29T10:28:05Z,java-native,512,1k,warm,,12,12,108,9f4896a1-4d32-4861-bdb6-c8ad25eababd
2026-04-29T10:28:06Z,java-native,512,1k,warm,,12,12,108,4bd27e1b-bda2-46ed-9e7c-7437f9465abc
2026-04-29T10:28:06Z,java-native,512,1k,warm,,11,11,108,aec7b6e0-f808-4ca5-bd84-7c713029b862
2026-04-29T10:28:07Z,java-native,512,1k,warm,,12,12,109,269252f2-b30d-48c9-81d2-7f1c7c2e6316
2026-04-29T10:28:07Z,java-native,512,1k,warm,,11,11,109,b3b35f42-e67e-459a-bbcb-d49066d2b10d
2026-04-29T10:28:08Z,java-native,512,1k,warm,,12,12,109,a8819a5f-2966-4235-a29b-1a573a2dc496
2026-04-29T10:28:08Z,java-native,512,1k,warm,,12,12,110,18845ca0-342c-4a6b-9516-4d44a07a72e8
2026-04-29T10:28:16Z,java-native,512,100k,cold,419.47,467,467,93,7e0860e7-54f0-441d-8f29-1b0d1c69f168
2026-04-29T10:28:23Z,java-native,512,100k,cold,390.49,431,431,92,1d4a8945-55d5-4117-996c-c1bbea714062
2026-04-29T10:28:31Z,java-native,512,100k,cold,510.00,570,570,90,736bc636-abcd-4462-9fc8-2b422028218b
2026-04-29T10:28:39Z,java-native,512,100k,cold,515.15,580,580,92,ce3e8e6f-aa45-4236-ae25-ca348f144bd6
2026-04-29T10:28:47Z,java-native,512,100k,cold,399.13,453,453,93,f5df1ad0-3ee8-456a-bced-0719d2dfe82c
2026-04-29T10:28:54Z,java-native,512,100k,cold,382.36,434,434,93,818aef5f-571d-4aa6-b278-ce0588822733
2026-04-29T10:29:02Z,java-native,512,100k,cold,400.77,454,454,92,b9b845ce-990f-4bdb-9bfb-48081617f505
2026-04-29T10:29:10Z,java-native,512,100k,cold,393.39,440,440,92,cca78e7b-246e-4aff-bd4d-3017c203b153
2026-04-29T10:29:18Z,java-native,512,100k,cold,386.06,442,442,92,91b58432-778f-48ab-888c-5500a7b291a5
2026-04-29T10:29:25Z,java-native,512,100k,cold,388.95,431,431,90,17d6bd80-bfa3-49ea-90e2-6dc1d9ebc6a1
2026-04-29T10:29:33Z,java-native,512,100k,cold,387.89,435,435,93,fc845c21-9332-4277-b7fa-d287a62c7da0
2026-04-29T10:29:41Z,java-native,512,100k,cold,374.26,429,429,92,3a1c9900-04f8-4882-901c-05f269279a74
2026-04-29T10:29:48Z,java-native,512,100k,cold,376.63,427,427,91,90b395dd-0071-4853-aeba-3ac2dc386da6
2026-04-29T10:29:56Z,java-native,512,100k,cold,381.62,435,435,92,8ca549d3-c462-4703-8682-52a35566941d
2026-04-29T10:30:04Z,java-native,512,100k,cold,377.33,433,433,93,457d6971-e0c0-4525-b164-d12e8688414a
2026-04-29T10:30:12Z,java-native,512,100k,cold,383.28,446,446,92,98988e34-82a1-47c7-8fc4-a48de77e08c2
2026-04-29T10:30:19Z,java-native,512,100k,cold,381.56,435,435,90,660ea60b-f960-416d-ad0b-a4c9d0f415f0
2026-04-29T10:30:27Z,java-native,512,100k,cold,525.28,606,606,92,4111ba50-5da5-44ec-8b62-53d53c43de4d
2026-04-29T10:30:35Z,java-native,512,100k,cold,521.39,587,587,93,44a0bdd6-d29c-4600-8eb7-8cf67a05d540
2026-04-29T10:30:43Z,java-native,512,100k,cold,385.86,432,432,93,96076739-322a-4347-87b8-9873cd2dead7
2026-04-29T10:30:50Z,java-native,512,100k,cold,370.72,427,427,93,6b2efb70-27a7-4d10-b0e6-95d666029fab
2026-04-29T10:30:58Z,java-native,512,100k,cold,382.26,448,448,93,a1ddab93-63d0-4073-ba52-48399e0cbcf3
2026-04-29T10:31:06Z,java-native,512,100k,cold,385.42,447,447,91,e42acb30-68fc-4584-95e6-3098bbcb53e7
2026-04-29T10:31:14Z,java-native,512,100k,cold,393.66,451,451,93,a455ae47-ddc4-4a38-a8a2-49be4896d7e0
2026-04-29T10:31:21Z,java-native,512,100k,cold,378.13,427,427,91,278b28e6-c63f-441c-897b-88ba15a2399a
2026-04-29T10:31:29Z,java-native,512,100k,cold,393.89,455,455,93,9e0fc987-ad6a-4a31-afcf-b330a0356906
2026-04-29T10:31:37Z,java-native,512,100k,cold,374.52,420,420,93,b2b260bd-f948-4411-b87e-0752cc93ebca
2026-04-29T10:31:45Z,java-native,512,100k,cold,509.80,574,574,92,b31081d9-364e-4fa6-8654-82ecaf552b15
2026-04-29T10:31:52Z,java-native,512,100k,cold,382.55,446,446,93,eb38f302-12fb-44f2-aa4c-612895f315be
2026-04-29T10:32:00Z,java-native,512,100k,cold,376.74,433,433,92,daad7714-8553-40dd-8885-3e5bccd92685
2026-04-29T10:32:08Z,java-native,512,100k,cold,398.73,467,467,92,96b40cad-6ddf-4d91-b34d-e6d40af3a368
2026-04-29T10:32:16Z,java-native,512,100k,cold,531.41,591,591,90,c44599bf-cf51-4475-8ddc-dbf7a1b90990
2026-04-29T10:32:24Z,java-native,512,100k,cold,518.71,571,571,92,89d5dedd-e1fb-4e27-ad70-dc5bc5c808e7
2026-04-29T10:32:32Z,java-native,512,100k,cold,512.46,570,570,92,0b531d26-782c-44b4-924a-e9e63b25051f
2026-04-29T10:32:39Z,java-native,512,100k,cold,379.91,446,446,92,af303e07-90ca-4dd0-96ea-0b24425ce174
2026-04-29T10:32:47Z,java-native,512,100k,cold,389.13,445,445,92,e23cc9e6-2525-4f1c-b16f-806812286d9a
2026-04-29T10:32:55Z,java-native,512,100k,cold,528.27,587,587,93,8f44ebbe-550e-469b-ad87-85d43ec0af43
2026-04-29T10:33:03Z,java-native,512,100k,cold,392.25,456,456,92,427b602b-5145-411a-9721-ccecb38c78ee
2026-04-29T10:33:11Z,java-native,512,100k,cold,385.55,442,442,90,1158be0f-d81e-4cf7-b1a8-b9717430c141
2026-04-29T10:33:18Z,java-native,512,100k,cold,389.85,449,449,92,daa8317d-9266-4fc5-9d6d-9843abe64596
2026-04-29T10:33:26Z,java-native,512,100k,cold,394.32,460,460,93,845431f5-4efe-4d1d-a5f2-5b7244e6e00a
2026-04-29T10:33:34Z,java-native,512,100k,cold,515.83,583,583,92,04d4322a-1e49-490d-8a1e-0148b7448b70
2026-04-29T10:33:42Z,java-native,512,100k,cold,379.86,428,428,93,3ef31d3e-70cf-4923-a118-56434b4e0c28
2026-04-29T10:33:50Z,java-native,512,100k,cold,552.32,624,624,93,f1d027a0-c558-49ae-8db5-52b8fe7f1012
2026-04-29T10:33:57Z,java-native,512,100k,cold,389.81,443,443,92,fd37036d-d865-40eb-bd91-8f5cc0b18fda
2026-04-29T10:34:05Z,java-native,512,100k,cold,521.50,583,583,93,6288b51a-d697-4c27-8dab-33f10e147ca1
2026-04-29T10:34:13Z,java-native,512,100k,cold,388.64,444,444,92,a8532d4b-face-4b88-8379-280742e4e3ea
2026-04-29T10:34:21Z,java-native,512,100k,cold,381.70,440,440,92,c3467cd3-cea0-4332-bac0-138bcdaf4b6a
2026-04-29T10:34:28Z,java-native,512,100k,cold,386.56,437,437,90,94bbaced-e6b8-4fee-8e69-2408cbe0b7f0
2026-04-29T10:34:36Z,java-native,512,100k,cold,378.23,427,427,90,8de792be-ccf2-40a4-8f0f-00a48fa202cb
2026-04-29T10:34:37Z,java-native,512,100k,warm,,11,11,93,8ec6b12d-026f-491f-91b1-79db4c126307
2026-04-29T10:34:38Z,java-native,512,100k,warm,,10,10,94,3fe10608-cec4-4587-b48f-0c0b19aa6f16
2026-04-29T10:34:38Z,java-native,512,100k,warm,,12,12,94,dfd22b60-4ff2-4bf5-8535-5c81b0b3362b
2026-04-29T10:34:39Z,java-native,512,100k,warm,,11,11,95,4610ba88-cccb-40b9-be05-7e8f67d1cb4c
2026-04-29T10:34:39Z,java-native,512,100k,warm,,11,11,96,82e08e53-9aee-4150-94e6-dffb16c52790
2026-04-29T10:34:40Z,java-native,512,100k,warm,,12,12,97,42650ff4-89ed-4800-9c42-81d78d770f4b
2026-04-29T10:34:41Z,java-native,512,100k,warm,,11,11,97,7c004b4b-3264-40e7-866d-8c79f8dcc814
2026-04-29T10:34:41Z,java-native,512,100k,warm,,13,13,98,9f40c65d-e73e-4ecb-a82a-21dac89e4788
2026-04-29T10:34:42Z,java-native,512,100k,warm,,10,10,99,7986139e-6fb6-43d0-9084-f26741217c91
2026-04-29T10:34:42Z,java-native,512,100k,warm,,12,12,100,a658b988-fdb1-446c-9b0c-a022be58aa79
2026-04-29T10:34:43Z,java-native,512,100k,warm,,13,13,100,0f70d26f-6619-499f-85cc-a9ed05fd53ed
2026-04-29T10:34:43Z,java-native,512,100k,warm,,13,13,101,7c345000-b079-4d20-bc90-1df9f709bb26
2026-04-29T10:34:44Z,java-native,512,100k,warm,,12,12,102,e531bcce-14cd-4264-9868-4c99d163950b
2026-04-29T10:34:44Z,java-native,512,100k,warm,,12,12,103,607efac2-18ba-4b27-b7a6-98ac30ec6c88
2026-04-29T10:34:45Z,java-native,512,100k,warm,,11,11,104,c974c071-be53-4442-9111-550661bbb927
2026-04-29T10:34:46Z,java-native,512,100k,warm,,11,11,104,db97871b-0d62-4a01-81e9-ab2b0c55835c
2026-04-29T10:34:46Z,java-native,512,100k,warm,,11,11,105,0b40d956-ecc9-44c8-98e2-7de4858d3be5
2026-04-29T10:34:47Z,java-native,512,100k,warm,,12,12,106,58074c0b-acc1-4d2c-a035-d97b4a421cc3
2026-04-29T10:34:47Z,java-native,512,100k,warm,,11,11,107,e55d3ca5-c3c6-451f-a102-9bf3229c89a0
2026-04-29T10:34:48Z,java-native,512,100k,warm,,11,11,107,ea49e1cc-2674-4bfc-80cb-3ebd3bfaf897
2026-04-29T10:34:48Z,java-native,512,100k,warm,,12,12,108,bbde2edb-7793-4404-b9a0-b514e303a461
2026-04-29T10:34:49Z,java-native,512,100k,warm,,11,11,109,fb7de3b2-c9e4-44f1-84be-7728d0156e4b
2026-04-29T10:34:49Z,java-native,512,100k,warm,,11,11,110,9a7c5d05-b5c3-4116-8eb8-c30a97e84880
2026-04-29T10:34:50Z,java-native,512,100k,warm,,12,12,110,355bc343-d6c6-4aeb-8a2f-1f12b9e08639
2026-04-29T10:34:51Z,java-native,512,100k,warm,,11,11,111,888ea18e-3124-4844-8d7e-80c3d5639333
2026-04-29T10:34:51Z,java-native,512,100k,warm,,11,11,112,fbd1a733-8c0b-4bfd-8713-2a1e6ff0bf43
2026-04-29T10:34:52Z,java-native,512,100k,warm,,11,11,113,eb428d3b-0f81-412c-a750-0da983d87633
2026-04-29T10:34:52Z,java-native,512,100k,warm,,12,12,114,8f02eabf-6ead-45c7-b1cc-f7a04b65a7bc
2026-04-29T10:34:53Z,java-native,512,100k,warm,,11,11,114,9a81bd94-6c2a-47ce-8b37-768dd2de2da6
2026-04-29T10:34:53Z,java-native,512,100k,warm,,11,11,115,db7f72d9-ebf9-4a02-b09e-8165711ffb35
2026-04-29T10:34:54Z,java-native,512,100k,warm,,11,11,116,7f4150ed-163b-40c4-8b4d-09ec8efed348
2026-04-29T10:34:54Z,java-native,512,100k,warm,,10,10,117,acfcbddd-b3dc-4ee8-9085-b335692b6b0a
2026-04-29T10:34:55Z,java-native,512,100k,warm,,11,11,117,6a63dc14-e6c3-4bd1-92b8-6c500c914ee2
2026-04-29T10:34:56Z,java-native,512,100k,warm,,13,13,118,10f44c71-6afa-44c2-acd9-da9eddf9a7fa
2026-04-29T10:34:56Z,java-native,512,100k,warm,,13,13,119,7d899ff5-4dc5-4553-b9c5-34e98bb82c67
2026-04-29T10:34:57Z,java-native,512,100k,warm,,12,12,120,6ab54d95-28e3-4b2e-8808-285ca2c0bc7f
2026-04-29T10:34:57Z,java-native,512,100k,warm,,11,11,120,dcababfa-21d9-4ad6-8b57-c4e6042176b9
2026-04-29T10:34:58Z,java-native,512,100k,warm,,11,11,121,5f1662da-f515-41c6-b371-433d30a6a320
2026-04-29T10:34:58Z,java-native,512,100k,warm,,12,12,122,dd092ce9-d5cb-4aec-b395-30c8b2dfd6fe
2026-04-29T10:34:59Z,java-native,512,100k,warm,,11,11,123,9e44db1e-d062-4a88-a8ab-e8a85dca1530
2026-04-29T10:34:59Z,java-native,512,100k,warm,,12,12,124,68574cc9-95d4-4dc0-96f5-310621f1cd25
2026-04-29T10:35:00Z,java-native,512,100k,warm,,11,11,124,35fab700-977e-4dba-a1c1-6b5602c88fef
2026-04-29T10:35:01Z,java-native,512,100k,warm,,11,11,125,40ed5169-8898-4048-ba7e-9b0a5827377b
2026-04-29T10:35:01Z,java-native,512,100k,warm,,12,12,126,a0c1c662-20c6-4bdb-9b6c-5c1193a49e1d
2026-04-29T10:35:02Z,java-native,512,100k,warm,,12,12,127,9c9b31ed-ee14-4b79-9355-7e2b7b7dbb53
2026-04-29T10:35:02Z,java-native,512,100k,warm,,12,12,127,357198d3-aab3-4f7c-b012-906f6ceee899
2026-04-29T10:35:03Z,java-native,512,100k,warm,,11,11,128,3f29fc65-cb10-4df0-b09c-e479e0a8a563
2026-04-29T10:35:03Z,java-native,512,100k,warm,,11,11,129,17b52fd0-690b-4195-836b-f16adb8815de
2026-04-29T10:35:04Z,java-native,512,100k,warm,,12,12,130,d3491c9e-ab44-4495-88a3-fecaf677a242
2026-04-29T10:35:04Z,java-native,512,100k,warm,,10,10,130,9b66c03c-7c21-4637-a31a-6259fdb3d8dd
2026-04-29T10:35:12Z,java-native,512,1m,cold,418.94,546,546,97,a38045b7-8755-4fae-998d-489d6e762330
2026-04-29T10:35:20Z,java-native,512,1m,cold,525.22,653,653,97,c6732a73-555a-45e4-98e0-f358f0fedeb7
2026-04-29T10:35:28Z,java-native,512,1m,cold,391.81,529,529,97,10dbeba2-0337-4c82-b65a-a95d981843f2
2026-04-29T10:35:36Z,java-native,512,1m,cold,380.17,491,491,95,a598115a-f51d-4d1c-af99-53fd6c2b111e
2026-04-29T10:35:43Z,java-native,512,1m,cold,513.38,630,630,95,9815809b-4123-4979-9a93-105122dd1409
2026-04-29T10:35:51Z,java-native,512,1m,cold,532.61,664,664,99,f416e2c9-5778-4d23-b674-e0a805d35cff
2026-04-29T10:35:59Z,java-native,512,1m,cold,383.77,505,505,97,b0876d75-e6f7-4600-b836-fe0cee288173
2026-04-29T10:36:07Z,java-native,512,1m,cold,397.10,516,516,97,b1e19501-7d68-4add-82d6-ac694fa15799
2026-04-29T10:36:14Z,java-native,512,1m,cold,374.13,515,515,95,b8805065-1f24-48e7-a651-2d5739d45b4c
2026-04-29T10:36:22Z,java-native,512,1m,cold,389.57,526,526,97,97ecfaa0-7ed8-4ab8-9dae-2f3b5515b7d0
2026-04-29T10:36:30Z,java-native,512,1m,cold,375.25,480,480,95,fcdde851-65c3-4a71-a681-cbe07a1e5475
2026-04-29T10:36:37Z,java-native,512,1m,cold,389.54,497,497,97,c51b75a6-fe1f-4386-bca3-e9a07193b3a0
2026-04-29T10:36:45Z,java-native,512,1m,cold,373.55,481,481,99,e194b48c-2e32-4d66-97a2-bae75a831aa6
2026-04-29T10:36:53Z,java-native,512,1m,cold,393.33,499,499,97,0c91e935-e54e-4203-b94c-0a41418bb5c2
2026-04-29T10:37:00Z,java-native,512,1m,cold,383.66,499,499,97,fdb3cc73-fa23-4233-bd5b-f9276675cc03
2026-04-29T10:37:08Z,java-native,512,1m,cold,532.68,671,671,95,cfef3e22-7e2c-44db-829b-2b8819ae78f2
2026-04-29T10:37:16Z,java-native,512,1m,cold,395.22,519,519,97,29bd8d14-7625-4af2-9a25-5788f3fbc8d8
2026-04-29T10:37:24Z,java-native,512,1m,cold,392.26,495,495,95,753d85e9-a516-481c-9814-40ac24fd1c73
2026-04-29T10:37:32Z,java-native,512,1m,cold,419.51,523,523,97,4f084753-c1be-455b-a941-e3177be893d9
2026-04-29T10:37:40Z,java-native,512,1m,cold,513.04,636,636,97,ab844029-c047-4c3c-ae69-ec020dacf308
2026-04-29T10:37:55Z,java-native,512,1m,cold,380.80,487,487,97,4f4d3e5a-396e-4016-8d62-c73b500af9d1
2026-04-29T10:38:03Z,java-native,512,1m,cold,386.80,493,493,97,232b3549-5af0-4b80-9f0c-56b97315ec9a
2026-04-29T10:38:10Z,java-native,512,1m,cold,379.82,492,492,97,14aa647e-951c-46c6-ad1d-c367c7378273
2026-04-29T10:38:18Z,java-native,512,1m,cold,391.13,511,511,97,e0268ddf-2b32-4e0e-9aca-0c7bd368a97c
2026-04-29T10:38:26Z,java-native,512,1m,cold,386.29,507,507,97,78fce7fb-45c0-4ad5-82f1-9e18a1f29579
2026-04-29T10:38:33Z,java-native,512,1m,cold,384.52,490,490,97,585f45a2-adb8-4413-b59c-68575bbf2392
2026-04-29T10:38:41Z,java-native,512,1m,cold,389.90,499,499,97,e7d53e2e-13cd-4d10-8d35-c62b219edaad
2026-04-29T10:38:49Z,java-native,512,1m,cold,387.45,497,497,95,e9a834f8-1711-4911-abf5-37ab47f487e0
2026-04-29T10:38:56Z,java-native,512,1m,cold,392.11,499,499,97,d2371661-9955-48b4-b2c5-3bbfa134e9f5
2026-04-29T10:39:04Z,java-native,512,1m,cold,378.96,493,493,97,389da775-133c-422c-9e6d-c112769921ce
2026-04-29T10:39:12Z,java-native,512,1m,cold,387.20,495,495,97,2277232e-ba06-4c91-a96e-851b6f184e43
2026-04-29T10:39:19Z,java-native,512,1m,cold,379.31,487,487,95,11112ea6-ca80-4ad6-87bf-9f0b2ad46c52
2026-04-29T10:39:27Z,java-native,512,1m,cold,395.35,508,508,95,3e8743d6-312d-4eec-a0a7-226f30c004c1
2026-04-29T10:39:35Z,java-native,512,1m,cold,381.63,496,496,97,99c37c69-7083-443b-8c8c-1bcb44a38b3a
2026-04-29T10:39:43Z,java-native,512,1m,cold,390.15,496,496,97,737d0e40-9f03-4d4d-b5ff-ff02b00e5033
2026-04-29T10:39:50Z,java-native,512,1m,cold,378.61,486,486,97,8eaba75d-4736-4452-8926-02480edc5496
2026-04-29T10:39:58Z,java-native,512,1m,cold,373.62,478,478,97,593f0a88-6603-46c7-9acc-7907c8513c6e
2026-04-29T10:40:06Z,java-native,512,1m,cold,384.22,492,492,97,3c56fca1-64a7-4d54-b023-dc6d4a8726e3
2026-04-29T10:40:14Z,java-native,512,1m,cold,395.82,507,507,95,18260476-f280-4dcc-84ed-a6a3deef0c6f
2026-04-29T10:40:21Z,java-native,512,1m,cold,374.63,489,489,97,d60fdad6-33b9-4280-bed0-77e2f5454617
2026-04-29T10:40:29Z,java-native,512,1m,cold,531.80,673,673,97,3147745c-85fa-4962-88a1-3c6ae8610fa7
2026-04-29T10:40:37Z,java-native,512,1m,cold,370.31,476,476,97,d4d80790-3dc7-446b-82eb-e7e7e421f4f2
2026-04-29T10:40:45Z,java-native,512,1m,cold,388.99,511,511,97,d22cdcc7-5e37-40b1-8175-a05d383cf7c0
2026-04-29T10:40:53Z,java-native,512,1m,cold,520.58,646,646,97,58c317dc-5ec2-44b3-9a6a-2dde5f50d091
2026-04-29T10:41:00Z,java-native,512,1m,cold,379.55,485,485,97,329be004-185d-4352-9674-256b2b1329ab
2026-04-29T10:41:08Z,java-native,512,1m,cold,522.60,655,655,97,9515165a-cb6e-4239-ae57-11ef51f2c784
2026-04-29T10:41:16Z,java-native,512,1m,cold,378.41,499,499,97,61631bae-e53b-4a61-bc01-064d1b01fc6f
2026-04-29T10:41:24Z,java-native,512,1m,cold,384.14,474,474,97,aeb7348b-b096-407b-8a86-f12ff57a1355
2026-04-29T10:41:32Z,java-native,512,1m,cold,384.35,492,492,97,13d5ee66-25c0-4a72-8280-100c584db704
2026-04-29T10:41:39Z,java-native,512,1m,cold,380.47,501,501,97,894ef0f3-bd01-4b83-bb6c-06e7f5a24e30
2026-04-29T10:41:41Z,java-native,512,1m,warm,,69,69,113,742866cd-1748-4816-88f9-ad3513aef5aa
2026-04-29T10:41:42Z,java-native,512,1m,warm,,77,77,118,49fb9af3-ea20-4008-a0f0-10d4e301814c
2026-04-29T10:41:43Z,java-native,512,1m,warm,,71,71,124,576a1c78-c56a-4ead-9ebd-c93b042385c5
2026-04-29T10:41:44Z,java-native,512,1m,warm,,86,86,129,6d0c725b-ac33-471c-98a8-5b593c0b5277
2026-04-29T10:41:44Z,java-native,512,1m,warm,,76,76,134,461be751-2b54-41bd-8838-323057d7ac7d
2026-04-29T10:41:45Z,java-native,512,1m,warm,,98,98,139,d2745a89-8bbc-40ca-8256-f0f9708e44ed
2026-04-29T10:41:46Z,java-native,512,1m,warm,,56,56,139,7fffd021-7804-4ab8-a172-6a8794bc55f3
2026-04-29T10:41:46Z,java-native,512,1m,warm,,52,52,139,6bbed02f-2384-44cc-b432-2cc01807e09d
2026-04-29T10:41:47Z,java-native,512,1m,warm,,52,52,139,0a6a87d4-bdd2-4c28-91f4-154496bd1c39
2026-04-29T10:41:48Z,java-native,512,1m,warm,,54,54,139,16c08397-f7f3-4a1e-874b-84505cc807ea
2026-04-29T10:41:49Z,java-native,512,1m,warm,,63,63,139,e02b4d33-ffce-4b24-a81f-fb58060a0d71
2026-04-29T10:41:49Z,java-native,512,1m,warm,,57,57,139,52a2b4c0-e186-4db9-b489-6cf03e2ee2aa
2026-04-29T10:41:50Z,java-native,512,1m,warm,,50,50,139,58962b87-3de8-45b3-a016-8ffd84262678
2026-04-29T10:41:51Z,java-native,512,1m,warm,,58,58,139,65946732-69ca-4a26-af1e-6105154112b5
2026-04-29T10:41:51Z,java-native,512,1m,warm,,86,86,142,49286999-1daf-4d39-95da-c1b764cc4152
2026-04-29T10:41:52Z,java-native,512,1m,warm,,51,51,142,7cd1dd10-8543-4698-86c2-63bb2391b2a7
2026-04-29T10:41:53Z,java-native,512,1m,warm,,56,56,142,04bd2df8-71ef-4c12-a092-635b7fdcc0ec
2026-04-29T10:41:53Z,java-native,512,1m,warm,,49,49,142,b7aadb54-b1f5-438a-a566-e28d3a8114b5
2026-04-29T10:41:54Z,java-native,512,1m,warm,,55,55,142,72ae90e5-eeeb-4f5a-bff4-eb64e19f66ec
2026-04-29T10:41:55Z,java-native,512,1m,warm,,65,65,142,b9874a43-a1b8-4cc8-8d67-55a3e5527d19
2026-04-29T10:41:56Z,java-native,512,1m,warm,,56,56,142,d527670d-ee41-41c9-8703-8703fc2e281d
2026-04-29T10:41:56Z,java-native,512,1m,warm,,56,56,142,b4e8f23a-0f59-4dbf-b4df-85ba6b225c62
2026-04-29T10:41:57Z,java-native,512,1m,warm,,64,64,142,464ac37b-ce5b-4613-bc44-4907be84de68
2026-04-29T10:41:58Z,java-native,512,1m,warm,,64,64,142,6a05433e-b691-4d09-bcdf-15fc96756eab
2026-04-29T10:41:58Z,java-native,512,1m,warm,,84,84,142,32077082-ab66-49df-9ca6-00a105319cf4
2026-04-29T10:41:59Z,java-native,512,1m,warm,,55,55,142,0c7fc62b-4da0-49d1-88bf-a8d6259fd6b4
2026-04-29T10:42:00Z,java-native,512,1m,warm,,48,48,142,e4cf0c59-c99f-427d-982d-eb410bb718b2
2026-04-29T10:42:01Z,java-native,512,1m,warm,,48,48,142,5c41fb1a-d811-404f-8334-ea2238264c0b
2026-04-29T10:42:01Z,java-native,512,1m,warm,,66,66,142,63dd6b41-c788-40e8-aae8-589a531f4645
2026-04-29T10:42:02Z,java-native,512,1m,warm,,54,54,142,f5a5d419-722e-47d3-b7ab-5acba689bd6d
2026-04-29T10:42:03Z,java-native,512,1m,warm,,53,53,142,043c990a-0772-41d9-a73c-7ad2225411bf
2026-04-29T10:42:03Z,java-native,512,1m,warm,,60,60,142,4578fe0a-1029-4e04-9998-1b460d30d35e
2026-04-29T10:42:04Z,java-native,512,1m,warm,,54,54,142,d1de2782-6dfd-4c77-8e2e-1511717c01c7
2026-04-29T10:42:05Z,java-native,512,1m,warm,,85,85,142,e8aa539b-ac24-4840-a404-565c78d45acc
2026-04-29T10:42:06Z,java-native,512,1m,warm,,64,64,142,27c0c8d1-ad6a-4c31-b4bb-1ea25520b857
2026-04-29T10:42:06Z,java-native,512,1m,warm,,58,58,142,77c7142b-951c-47ff-a1d6-af55d2c17e4a
2026-04-29T10:42:07Z,java-native,512,1m,warm,,59,59,142,1f99c318-0a3b-4df8-892e-a1186049a48f
2026-04-29T10:42:08Z,java-native,512,1m,warm,,59,59,142,06f83d71-3c67-4977-9086-ec5c00cf8068
2026-04-29T10:42:08Z,java-native,512,1m,warm,,56,56,142,3e8463ec-135c-4025-a05b-1d6c8e34a910
2026-04-29T10:42:09Z,java-native,512,1m,warm,,61,61,142,d94d9e3f-c9c1-44bf-95f2-1736a62bf6c1
2026-04-29T10:42:10Z,java-native,512,1m,warm,,63,63,142,f7a0fa00-818e-4135-8d37-6d3f92a56135
2026-04-29T10:42:10Z,java-native,512,1m,warm,,61,61,142,641e30ce-4f3f-41fc-a82e-8a4944336b09
2026-04-29T10:42:11Z,java-native,512,1m,warm,,82,82,142,133f8a6e-e768-493f-8eec-10dcce432c31
2026-04-29T10:42:12Z,java-native,512,1m,warm,,50,50,142,8d4ad5e7-f654-4a96-8f1c-4e817231177e
2026-04-29T10:42:13Z,java-native,512,1m,warm,,52,52,142,fa8dbcbe-7bf3-4e16-ad28-0f250f990f35
2026-04-29T10:42:13Z,java-native,512,1m,warm,,48,48,142,814ca4d3-8a1a-4af4-9974-b4ddc6a19382
2026-04-29T10:42:14Z,java-native,512,1m,warm,,63,63,142,1911a6e4-957b-4ed9-b759-bddffe0e5658
2026-04-29T10:42:15Z,java-native,512,1m,warm,,53,53,142,1dc0b059-2ae7-4532-8115-aabbc566c0d5
2026-04-29T10:42:15Z,java-native,512,1m,warm,,61,61,142,11674c1f-02fc-42f0-9d72-56cc63b251a7
2026-04-29T10:42:16Z,java-native,512,1m,warm,,65,65,142,6a7f70b2-8650-4e5e-be52-36ba4fcf6a87
2026-04-29T10:42:24Z,java-native,1024,1k,cold,388.54,425,425,92,c7acc977-8f27-46aa-917c-a5854da19c80
2026-04-29T10:42:31Z,java-native,1024,1k,cold,386.46,426,426,92,9f72c9d0-6ac4-434a-a1c4-2131191d75ea
2026-04-29T10:42:39Z,java-native,1024,1k,cold,381.75,428,428,92,c8c91576-b3bd-419e-8162-593647fabd99
2026-04-29T10:42:46Z,java-native,1024,1k,cold,390.38,427,427,92,1e4d8b18-e944-464c-8aed-27f42e796ddd
2026-04-29T10:42:54Z,java-native,1024,1k,cold,388.17,422,422,92,ca73bb93-198a-40a8-89cb-2ca89eba0a9e
2026-04-29T10:43:01Z,java-native,1024,1k,cold,380.69,418,418,92,232836aa-c2ef-41ad-80c2-c31b33eb858f
2026-04-29T10:43:09Z,java-native,1024,1k,cold,392.93,440,440,92,0b29f309-ac41-4cfe-8012-655402b80f76
2026-04-29T10:43:16Z,java-native,1024,1k,cold,393.52,432,432,92,61723b9d-df8c-4eb0-a56d-33529080a855
2026-04-29T10:43:24Z,java-native,1024,1k,cold,386.72,424,424,92,72f69b26-2e1a-4f46-9665-d057c247f5b7
2026-04-29T10:43:32Z,java-native,1024,1k,cold,381.40,422,422,92,5a2ba19d-a28a-49fb-80a9-2389a997e301
2026-04-29T10:43:39Z,java-native,1024,1k,cold,378.53,422,422,92,d8702711-3b52-4db2-a5ee-7f49a26dec99
2026-04-29T10:43:47Z,java-native,1024,1k,cold,381.86,417,417,92,cadc9cc4-819d-41aa-bbbc-f6626139094c
2026-04-29T10:43:54Z,java-native,1024,1k,cold,391.42,446,446,92,e8f99fbe-fc49-4374-9343-01697ae7e5cb
2026-04-29T10:44:02Z,java-native,1024,1k,cold,391.97,430,430,92,0a1bc0ac-5e4a-4d50-91c0-c4b79c8a9bdf
2026-04-29T10:44:10Z,java-native,1024,1k,cold,381.88,417,417,92,0f6fb897-a3a3-4537-badb-09c85689eedb
2026-04-29T10:44:17Z,java-native,1024,1k,cold,389.10,432,432,90,cded7f06-31e8-42ec-a767-83dcd00f8e93
2026-04-29T10:44:25Z,java-native,1024,1k,cold,380.90,418,418,92,6af51d87-fee0-489c-b50c-13bf5077366a
2026-04-29T10:44:32Z,java-native,1024,1k,cold,385.57,453,453,92,b19d2f27-08f0-4dfe-9693-9823566c304c
2026-04-29T10:44:40Z,java-native,1024,1k,cold,381.69,415,415,92,3a35e7e0-36ae-49e5-a130-a5a38307d881
2026-04-29T10:44:48Z,java-native,1024,1k,cold,514.72,553,553,90,b797a21a-285c-47b2-b2c3-50788f6cc554
2026-04-29T10:44:55Z,java-native,1024,1k,cold,394.36,439,439,92,2617bbad-bb45-4485-8877-da0079a84f60
2026-04-29T10:45:03Z,java-native,1024,1k,cold,525.64,573,573,92,77f00ab4-3bea-45ca-b876-0adcdc593c4a
2026-04-29T10:45:10Z,java-native,1024,1k,cold,386.12,425,425,92,86fcd0c8-7a39-49b7-8d34-85095fd286cc
2026-04-29T10:45:18Z,java-native,1024,1k,cold,383.97,420,420,90,d076f2d4-a38b-4e4f-bb63-4de9a6ac7369
2026-04-29T10:45:26Z,java-native,1024,1k,cold,384.19,432,432,90,5b62a145-a0e9-4fcd-a3fb-63902b826b6e
2026-04-29T10:45:33Z,java-native,1024,1k,cold,378.64,410,410,92,81ad4d35-704c-4a02-8239-b47ca623fc73
2026-04-29T10:45:41Z,java-native,1024,1k,cold,378.38,417,417,92,3c9056a8-7810-4fef-b07c-8f7c9fcc3bab
2026-04-29T10:45:48Z,java-native,1024,1k,cold,384.23,425,425,92,d2abfad9-bbbc-4c27-b9fc-37a761a359fa
2026-04-29T10:45:56Z,java-native,1024,1k,cold,375.98,413,413,92,eee32150-30de-42c3-8b7a-80d23481dd31
2026-04-29T10:46:03Z,java-native,1024,1k,cold,373.64,418,418,92,3e2ddab6-3326-47d8-ac81-dddcb65ea83e
2026-04-29T10:46:11Z,java-native,1024,1k,cold,377.25,406,406,92,9dae9ce1-0d80-4d5a-973e-1936a2c91d42
2026-04-29T10:46:18Z,java-native,1024,1k,cold,386.58,431,431,92,59f365da-5ee9-4e5f-b429-b2c7304b4e63
2026-04-29T10:46:26Z,java-native,1024,1k,cold,520.80,563,563,92,de2a63c9-c1c1-4655-8567-6263fedc06bd
2026-04-29T10:46:33Z,java-native,1024,1k,cold,387.58,424,424,92,73a9b491-a03b-47db-b027-f37dcafa87e7
2026-04-29T10:46:41Z,java-native,1024,1k,cold,383.04,417,417,90,183b213a-f92d-4916-9768-5e6a618bd894
2026-04-29T10:46:49Z,java-native,1024,1k,cold,516.44,562,562,92,34042ed1-8a7c-40eb-9dd7-d1a3c8898d81
2026-04-29T10:46:56Z,java-native,1024,1k,cold,516.16,571,571,92,ddbc0a35-adc2-4d52-afb6-17c4a8563aa8
2026-04-29T10:47:04Z,java-native,1024,1k,cold,390.08,426,426,92,7124a0e2-da90-4716-a3c0-d134740d14ca
2026-04-29T10:47:11Z,java-native,1024,1k,cold,381.70,416,416,92,27ed39ad-e410-4933-be46-c57894648c89
2026-04-29T10:47:19Z,java-native,1024,1k,cold,392.72,425,425,92,c4f99764-b65f-482e-b12d-3c5360964c2b
2026-04-29T10:47:26Z,java-native,1024,1k,cold,389.32,431,431,92,fc1619f4-9426-43fa-95fe-7ea412d712e9
2026-04-29T10:47:34Z,java-native,1024,1k,cold,386.62,428,428,92,85396f62-0b8a-45b7-9927-dfd69a3f90b6
2026-04-29T10:47:41Z,java-native,1024,1k,cold,389.83,420,420,92,6d82cec0-2593-4d78-9435-0f2e40e3a27f
2026-04-29T10:47:49Z,java-native,1024,1k,cold,379.43,413,413,92,612d57e0-9789-4b6d-982f-90cbfec00f98
2026-04-29T10:47:56Z,java-native,1024,1k,cold,511.26,552,552,92,6b0129cd-7cbf-4c1f-883e-c89de2ee82c5
2026-04-29T10:48:04Z,java-native,1024,1k,cold,380.27,425,425,92,04211c63-f015-42ae-a292-0b629cd3a069
2026-04-29T10:48:11Z,java-native,1024,1k,cold,393.98,445,445,92,ba04ce37-f208-440d-8ff9-b6b9a1a7803b
2026-04-29T10:48:19Z,java-native,1024,1k,cold,523.25,560,560,92,2cb4e665-00f4-422b-97cf-4c3da964a530
2026-04-29T10:48:27Z,java-native,1024,1k,cold,382.43,421,421,92,99781512-9cdc-49b0-9be1-54a9a3d3ef47
2026-04-29T10:48:34Z,java-native,1024,1k,cold,374.01,408,408,92,d57b0cb5-0460-4642-ba0d-f9c0216a4791
2026-04-29T10:48:35Z,java-native,1024,1k,warm,,11,11,93,15e6da2a-7a22-4354-954b-740a9af65f1d
2026-04-29T10:48:36Z,java-native,1024,1k,warm,,10,10,93,20cfb2e5-bbc7-4e35-b940-03ae6ab537ed
2026-04-29T10:48:36Z,java-native,1024,1k,warm,,11,11,94,5645919a-d858-41bc-8e73-c12231af77e2
2026-04-29T10:48:37Z,java-native,1024,1k,warm,,12,12,94,4beccccc-be7b-4fd6-a4a2-1d26cfe2aa18
2026-04-29T10:48:37Z,java-native,1024,1k,warm,,11,11,94,46da04b4-9582-4f29-918a-616e71b577f4
2026-04-29T10:48:38Z,java-native,1024,1k,warm,,11,11,95,31fe150d-60bf-485f-9f8b-a273a2d7df7e
2026-04-29T10:48:38Z,java-native,1024,1k,warm,,11,11,95,988b4be5-d2ba-4f42-b44e-6e6b7cf51248
2026-04-29T10:48:39Z,java-native,1024,1k,warm,,12,12,95,fda1db84-fd39-4e49-aef6-ae7791f7d38e
2026-04-29T10:48:39Z,java-native,1024,1k,warm,,11,11,96,e5a5348d-58de-47fa-b066-c80b588e3f71
2026-04-29T10:48:40Z,java-native,1024,1k,warm,,11,11,96,5ab73df4-5123-4a18-9433-7f5c46611eb7
2026-04-29T10:48:40Z,java-native,1024,1k,warm,,11,11,97,ba3a2371-1b84-447a-94db-9b46dc44899e
2026-04-29T10:48:41Z,java-native,1024,1k,warm,,11,11,97,83d39a7d-8272-47d6-b2c9-b2f898ce899b
2026-04-29T10:48:41Z,java-native,1024,1k,warm,,12,12,97,70b62a8b-2866-4cc4-829a-f4c35ed2e181
2026-04-29T10:48:42Z,java-native,1024,1k,warm,,11,11,98,9341585e-a60b-4e50-a481-6cf4c8987ab3
2026-04-29T10:48:42Z,java-native,1024,1k,warm,,11,11,98,97bb0a73-64af-4f69-a2e8-3bf0d3412d75
2026-04-29T10:48:43Z,java-native,1024,1k,warm,,12,12,98,ff4007b7-0cc9-4df0-8d9b-e63fd027926c
2026-04-29T10:48:43Z,java-native,1024,1k,warm,,11,11,99,fecba5ee-92b0-477e-9efc-b271f3635b7d
2026-04-29T10:48:44Z,java-native,1024,1k,warm,,12,12,99,56c64b78-5aad-4b64-8001-bec942c079ee
2026-04-29T10:48:44Z,java-native,1024,1k,warm,,12,12,99,a5e641d0-39cc-41d5-ba0d-fe45eaa42e2c
2026-04-29T10:48:45Z,java-native,1024,1k,warm,,11,11,99,2831ee60-1138-4261-89af-9dd8b7c5190f
2026-04-29T10:48:45Z,java-native,1024,1k,warm,,11,11,100,47317243-a1ef-41cd-9811-e53ae303dec8
2026-04-29T10:48:46Z,java-native,1024,1k,warm,,10,10,100,5178af86-f85d-4bdb-904d-05b21e338220
2026-04-29T10:48:46Z,java-native,1024,1k,warm,,11,11,101,e84ddd0c-738d-43ab-be01-425a7f0897b4
2026-04-29T10:48:47Z,java-native,1024,1k,warm,,10,10,101,88b4f819-98eb-45e4-8b3f-bab1f0e0a8d8
2026-04-29T10:48:47Z,java-native,1024,1k,warm,,10,10,101,8d4beeb9-7f54-4b15-a3a3-d94f4a26b8fd
2026-04-29T10:48:48Z,java-native,1024,1k,warm,,12,12,101,7d07a05b-3f4e-41e0-ba40-09fc303a615f
2026-04-29T10:48:48Z,java-native,1024,1k,warm,,10,10,102,b3f1732f-21e0-4e34-bf1f-22c246e64d2b
2026-04-29T10:48:49Z,java-native,1024,1k,warm,,11,11,102,3cd6ab71-a6ee-43d2-8cd5-0e2f03ee09d5
2026-04-29T10:48:49Z,java-native,1024,1k,warm,,11,11,103,8901bd7c-5f3a-4e5a-83cc-e8694a9ca3bb
2026-04-29T10:48:50Z,java-native,1024,1k,warm,,10,10,103,9d831208-4dfa-463d-91bf-9c7e37b3f1e8
2026-04-29T10:48:50Z,java-native,1024,1k,warm,,11,11,103,c8ea2cc2-6321-4a25-89b7-db303026e5d9
2026-04-29T10:48:51Z,java-native,1024,1k,warm,,11,11,104,49f5dcc6-3134-40c3-b6d1-edac4e563dac
2026-04-29T10:48:51Z,java-native,1024,1k,warm,,12,12,104,df10e04e-76d9-4a3b-acf6-cb2fcac6e094
2026-04-29T10:48:52Z,java-native,1024,1k,warm,,11,11,104,b674c444-2828-4818-8d22-464b7ca139c2
2026-04-29T10:48:52Z,java-native,1024,1k,warm,,11,11,105,1632267b-1613-436d-beae-fce83c5c86e0
2026-04-29T10:48:53Z,java-native,1024,1k,warm,,11,11,105,ba3770fd-df6f-47b2-bec6-44ea241b507d
2026-04-29T10:48:53Z,java-native,1024,1k,warm,,12,12,105,41b8b25d-fb10-47d5-b6b3-74ab5e66a846
2026-04-29T10:48:54Z,java-native,1024,1k,warm,,11,11,106,840b9477-15d1-4917-9579-3b57187211aa
2026-04-29T10:48:54Z,java-native,1024,1k,warm,,11,11,106,89f7daac-3534-446e-8332-be4304179016
2026-04-29T10:48:55Z,java-native,1024,1k,warm,,11,11,106,98a0e15b-033a-4d29-a1b5-25cda104ebbc
2026-04-29T10:48:55Z,java-native,1024,1k,warm,,11,11,107,db3ef3bb-468d-428a-b0eb-7f2f8da52274
2026-04-29T10:48:56Z,java-native,1024,1k,warm,,11,11,107,6c863063-0ccc-4c46-bd31-787bda16957f
2026-04-29T10:48:56Z,java-native,1024,1k,warm,,12,12,107,5d2fe541-04e1-46f8-97de-accb4d30f524
2026-04-29T10:48:57Z,java-native,1024,1k,warm,,11,11,108,ac58b467-095c-402a-9591-1361fd290737
2026-04-29T10:48:57Z,java-native,1024,1k,warm,,11,11,108,a02947d9-5c7f-40f8-a959-83c873f42dc3
2026-04-29T10:48:58Z,java-native,1024,1k,warm,,11,11,108,b09e295f-374f-4f51-84e1-326ee82a45f2
2026-04-29T10:48:58Z,java-native,1024,1k,warm,,11,11,109,c6e1f273-9325-46e6-8158-87faebaf2816
2026-04-29T10:48:59Z,java-native,1024,1k,warm,,11,11,109,366b87d2-177f-4b00-9b9d-3497e34fb4ea
2026-04-29T10:48:59Z,java-native,1024,1k,warm,,11,11,109,136f4612-745f-4328-8bfe-43999bf2f9b2
2026-04-29T10:49:00Z,java-native,1024,1k,warm,,12,12,110,8e687126-1071-4a68-b45f-d857c31f20e7
2026-04-29T10:49:08Z,java-native,1024,100k,cold,502.85,559,559,92,b4a0fe3a-53d2-4642-8ab5-b5179321e2e4
2026-04-29T10:49:16Z,java-native,1024,100k,cold,390.92,422,422,91,5779e5b0-4031-4776-9913-d796e72f1ce1
2026-04-29T10:49:24Z,java-native,1024,100k,cold,386.29,431,431,92,d900b021-3165-45ae-82cc-c0ed6a86e23f
2026-04-29T10:49:31Z,java-native,1024,100k,cold,379.31,420,420,93,9b908367-ae54-4685-b1d1-8ff85d7529b3
2026-04-29T10:49:39Z,java-native,1024,100k,cold,384.20,426,426,93,f9b75f86-be3f-4dfc-89ef-c2c76825ca05
2026-04-29T10:49:47Z,java-native,1024,100k,cold,387.26,427,427,92,dce566cd-cce2-4fb3-bb15-c82db860d34f
2026-04-29T10:49:55Z,java-native,1024,100k,cold,383.69,420,420,93,f0ff224f-4e1e-4930-bb61-466e2f506635
2026-04-29T10:50:02Z,java-native,1024,100k,cold,529.91,571,571,93,261d5282-29a9-4a2e-90dc-b9b917849478
2026-04-29T10:50:10Z,java-native,1024,100k,cold,390.52,445,445,93,f1f46245-529b-49e8-be2b-6bf89cdefae4
2026-04-29T10:50:18Z,java-native,1024,100k,cold,379.82,432,432,92,47ac81cd-5afe-4e2d-a46d-33b50836e984
2026-04-29T10:50:26Z,java-native,1024,100k,cold,398.34,432,432,93,5f90e6bb-af69-4f12-897b-1f655348f003
2026-04-29T10:50:33Z,java-native,1024,100k,cold,393.53,433,433,93,58203c73-c083-4b90-8522-955743a2eb83
2026-04-29T10:50:41Z,java-native,1024,100k,cold,383.67,425,425,93,483056eb-8a28-4bce-8175-2c4b1c78d37f
2026-04-29T10:50:49Z,java-native,1024,100k,cold,392.23,439,439,92,4ffaadb3-8855-4347-9145-76638ff270c3
2026-04-29T10:50:57Z,java-native,1024,100k,cold,375.89,413,413,92,7e436d30-7138-4bd2-a38f-8283939d2dab
2026-04-29T10:51:05Z,java-native,1024,100k,cold,393.35,434,434,93,96ec2efb-c5dc-4e93-a21e-1db1a6a14c1d
2026-04-29T10:51:12Z,java-native,1024,100k,cold,396.69,436,436,93,4b19270c-0d93-4cd5-933a-fde8d26d71fc
2026-04-29T10:51:20Z,java-native,1024,100k,cold,381.29,417,417,93,616a2047-5080-4e71-b9ee-35fb7981e40a
2026-04-29T10:51:28Z,java-native,1024,100k,cold,387.01,408,408,93,c076cc97-8862-4258-bfd0-ce5361175368
2026-04-29T10:51:36Z,java-native,1024,100k,cold,520.24,562,562,93,53bf42f4-44a1-4508-a3fb-e6039b0b605e
2026-04-29T10:51:43Z,java-native,1024,100k,cold,521.14,561,561,92,c991755b-e210-471b-bd25-4ee2a48fadab
2026-04-29T10:51:51Z,java-native,1024,100k,cold,386.32,420,420,93,5c811467-4214-4c8c-95c2-2d725aad1c93
2026-04-29T10:51:59Z,java-native,1024,100k,cold,379.07,414,414,93,71d08280-d612-45d7-8d45-d2dd361a5a74
2026-04-29T10:52:07Z,java-native,1024,100k,cold,511.85,568,568,93,b32b7f60-bd10-466b-849e-4d093ce44422
2026-04-29T10:52:15Z,java-native,1024,100k,cold,388.72,433,433,93,c1f24b67-162c-42e7-8b00-76114a33fd3d
2026-04-29T10:52:23Z,java-native,1024,100k,cold,527.30,579,579,92,506e3899-bf05-4ba2-896e-2d48847203d4
2026-04-29T10:52:30Z,java-native,1024,100k,cold,378.22,424,424,93,f268fd88-ab59-4dd0-87f6-a0e2623637b6
2026-04-29T10:52:38Z,java-native,1024,100k,cold,377.31,417,417,90,bb86e485-21e8-437c-8278-135c827fc72e
2026-04-29T10:52:46Z,java-native,1024,100k,cold,380.14,416,416,93,8cf51735-7d97-4695-a238-ac573ada47be
2026-04-29T10:52:54Z,java-native,1024,100k,cold,383.85,413,413,92,740c1258-3c1c-4dae-8945-7a5a85b7b0e3
2026-04-29T10:53:01Z,java-native,1024,100k,cold,388.37,436,436,93,a6bce38d-f1b1-432e-91f1-6433b1ba2cec
2026-04-29T10:53:09Z,java-native,1024,100k,cold,390.17,439,439,93,90f11eb9-884f-458a-ac16-87491fc1b08e
2026-04-29T10:53:17Z,java-native,1024,100k,cold,390.13,429,429,92,c9ff6228-6540-4311-a7d5-b33878847394
2026-04-29T10:53:25Z,java-native,1024,100k,cold,376.32,408,408,91,53afd50d-87c1-4253-8915-e81c048f2ad6
2026-04-29T10:53:33Z,java-native,1024,100k,cold,531.33,581,581,93,95cdc9a2-6cbb-4559-aad8-02c13c326e3a
2026-04-29T10:53:40Z,java-native,1024,100k,cold,380.53,414,414,92,eadd604a-5340-4d6c-9719-576a0f7fba4a
2026-04-29T10:53:48Z,java-native,1024,100k,cold,517.47,558,558,93,5039de66-f9ad-426d-b8fa-d44dbac03986
2026-04-29T10:53:56Z,java-native,1024,100k,cold,390.20,448,448,93,3136f30f-31bb-4b26-b171-4e72b7b51874
2026-04-29T10:54:04Z,java-native,1024,100k,cold,387.97,428,428,93,5ab0a1b2-6375-4098-9f34-7e9228ab066d
2026-04-29T10:54:11Z,java-native,1024,100k,cold,397.38,439,439,93,2eafc050-26b1-4bd6-ad88-cfa3fcd0f882
2026-04-29T10:54:20Z,java-native,1024,100k,cold,545.68,589,589,93,30b99ae3-dab1-4750-8cec-8aed534f5210
2026-04-29T10:54:27Z,java-native,1024,100k,cold,376.88,417,417,92,e60f844b-43e9-44d2-97f7-cfe3e91ce787
2026-04-29T10:54:35Z,java-native,1024,100k,cold,379.57,416,416,93,a70b6e3e-35ef-44bd-a7da-f85f507c94cd
2026-04-29T10:54:39Z,java-native,1024,100k,cold,382.52,427,427,92,b1fa28a8-bd60-43d3-9fee-b44624078d49
2026-04-29T10:54:47Z,java-native,1024,100k,cold,389.48,434,434,93,8a9b6cf3-4946-4a85-9f9f-68d2c4e032c3
2026-04-29T10:54:54Z,java-native,1024,100k,cold,387.84,421,421,91,f8e7c03d-aa9f-4c93-8e24-fe1e49baf413
2026-04-29T10:55:02Z,java-native,1024,100k,cold,377.07,423,423,93,c26902e3-32e0-4cd1-b9ec-425d66ac5486
2026-04-29T10:55:10Z,java-native,1024,100k,cold,521.64,563,563,92,62372156-1963-4a48-8355-eb33f2e5a819
2026-04-29T10:55:18Z,java-native,1024,100k,cold,393.88,432,432,93,bb865e42-b78f-485a-a48d-69c2128ce273
2026-04-29T10:55:25Z,java-native,1024,100k,cold,526.90,570,570,93,e27d8208-b650-4bdf-9491-2d95281219c6
2026-04-29T10:55:27Z,java-native,1024,100k,warm,,14,14,95,b96f9a32-f8cf-40f8-bc32-c9e62422e25d
2026-04-29T10:55:28Z,java-native,1024,100k,warm,,13,13,96,7ce9f660-6a88-41f6-b340-761e7dd52995
2026-04-29T10:55:29Z,java-native,1024,100k,warm,,13,13,96,48560a5c-7c94-425a-8c26-a1f45171bade
2026-04-29T10:55:30Z,java-native,1024,100k,warm,,13,13,97,6f94ebac-50d0-4837-90f2-624c15e91a24
2026-04-29T10:55:30Z,java-native,1024,100k,warm,,13,13,98,85b675be-1434-43a8-87ab-0d27303441d4
2026-04-29T10:55:31Z,java-native,1024,100k,warm,,14,14,99,75ce93de-3694-4366-9c97-28168269776b
2026-04-29T10:55:31Z,java-native,1024,100k,warm,,14,14,100,fb366e4b-2300-4575-ae0d-a1e55f4c743b
2026-04-29T10:55:32Z,java-native,1024,100k,warm,,13,13,100,2f114828-7ea9-4f7d-96ee-9ca54cf25574
2026-04-29T10:55:33Z,java-native,1024,100k,warm,,12,12,101,26e50db1-0c76-4e96-abb4-9a9daf38a6db
2026-04-29T10:55:33Z,java-native,1024,100k,warm,,15,15,102,99d3bfe5-f164-4aca-8dd3-c1592dea3c69
2026-04-29T10:55:34Z,java-native,1024,100k,warm,,13,13,103,bd05b9e2-9558-4d1b-a1de-29dd47d764ae
2026-04-29T10:55:35Z,java-native,1024,100k,warm,,13,13,103,43a1f946-c608-487c-925b-8d6ab7dc1625
2026-04-29T10:55:35Z,java-native,1024,100k,warm,,13,13,104,fffd8e8a-8cd4-4c30-a98b-2882f5f9c508
2026-04-29T10:55:36Z,java-native,1024,100k,warm,,13,13,105,31c05b6a-857a-4d25-b44d-5fcfb7bc2352
2026-04-29T10:55:36Z,java-native,1024,100k,warm,,12,12,106,597e83f3-f3fb-4dd9-adaa-47f8bdb6867e
2026-04-29T10:55:37Z,java-native,1024,100k,warm,,13,13,106,d57bf620-2868-4806-8646-e384ff79e86e
2026-04-29T10:55:38Z,java-native,1024,100k,warm,,13,13,107,e6626574-e513-4eaa-b203-be0eacbf8be2
2026-04-29T10:55:38Z,java-native,1024,100k,warm,,13,13,108,186c3857-4382-4226-935a-c4ae4d6439e3
2026-04-29T10:55:39Z,java-native,1024,100k,warm,,13,13,109,e2d565fd-3894-478f-a5bf-7a186598e74c
2026-04-29T10:55:40Z,java-native,1024,100k,warm,,13,13,109,ec78a4f0-14b9-4864-afa8-c55873fd64f1
2026-04-29T10:55:40Z,java-native,1024,100k,warm,,13,13,110,56774e0c-9de7-44f6-ac70-f8c77d287906
2026-04-29T10:55:41Z,java-native,1024,100k,warm,,13,13,111,2b86c18c-ecbc-47b7-a771-de3852c05cf0
2026-04-29T10:55:41Z,java-native,1024,100k,warm,,13,13,112,d7e9c958-cae7-4086-9e00-5bd21b7a2376
2026-04-29T10:55:42Z,java-native,1024,100k,warm,,12,12,112,30ccc22c-5e32-466a-a66b-058d0cae0a36
2026-04-29T10:55:43Z,java-native,1024,100k,warm,,11,11,113,b4788554-fc4a-4b11-a23f-5b7f62674683
2026-04-29T10:55:43Z,java-native,1024,100k,warm,,13,13,114,5c15e88e-3824-4cbb-a254-93841232228d
2026-04-29T10:55:44Z,java-native,1024,100k,warm,,13,13,115,fc84238f-b554-4c3b-814c-4b5888cb25cf
2026-04-29T10:55:45Z,java-native,1024,100k,warm,,13,13,116,0851dd88-bac0-483a-a2e7-a7dcb5af55ef
2026-04-29T10:55:45Z,java-native,1024,100k,warm,,12,12,116,013a7c55-3386-432f-ac43-1322755c9314
2026-04-29T10:55:46Z,java-native,1024,100k,warm,,12,12,117,bd18d3fe-f3b9-45f5-8d94-c4afa00f8ca4
2026-04-29T10:55:47Z,java-native,1024,100k,warm,,13,13,118,40f0c5a9-b14a-481b-9aa6-db28f74fffc9
2026-04-29T10:55:47Z,java-native,1024,100k,warm,,13,13,119,ce8ef3c8-4dde-4ebf-ae68-13cf438f25af
2026-04-29T10:55:48Z,java-native,1024,100k,warm,,13,13,119,64210253-4e1e-48a9-b757-6f68fd86b2d0
2026-04-29T10:55:49Z,java-native,1024,100k,warm,,14,14,120,0479abb5-36ce-4421-9504-b5f22cb77f70
2026-04-29T10:55:49Z,java-native,1024,100k,warm,,13,13,121,3447bf3c-96cb-4135-8982-db959a5e5321
2026-04-29T10:55:50Z,java-native,1024,100k,warm,,13,13,122,81104971-7f6b-4661-9887-cace7933e8d8
2026-04-29T10:55:51Z,java-native,1024,100k,warm,,13,13,123,8121044e-2415-42d5-9938-1642cc4319a2
2026-04-29T10:55:51Z,java-native,1024,100k,warm,,12,12,123,45fde58a-17cb-4a1b-a6da-b79e897c9d89
2026-04-29T10:55:52Z,java-native,1024,100k,warm,,13,13,124,d9ea1bdd-fbad-4217-937b-ca4ba98c44a5
2026-04-29T10:55:52Z,java-native,1024,100k,warm,,12,12,125,ce3a4755-01e4-4357-804d-c1c6fcf848c2
2026-04-29T10:55:53Z,java-native,1024,100k,warm,,13,13,126,eab34a39-20d3-4676-862d-a2e4000ecdae
2026-04-29T10:55:54Z,java-native,1024,100k,warm,,13,13,126,5db66b71-5159-49e5-aae7-a261394b08d4
2026-04-29T10:55:54Z,java-native,1024,100k,warm,,13,13,127,dcd6da12-805f-4114-bcf7-9eda6eb9b7f7
2026-04-29T10:55:55Z,java-native,1024,100k,warm,,13,13,128,a0085dbf-d344-4cc0-b878-38df01500ba9
2026-04-29T10:55:56Z,java-native,1024,100k,warm,,13,13,129,b6c8ee49-c94f-40e3-8cf2-e0eaa7d8b5f5
2026-04-29T10:55:56Z,java-native,1024,100k,warm,,13,13,129,7c4ce8f1-e10c-41cb-b305-e6c209476d4b
2026-04-29T10:55:57Z,java-native,1024,100k,warm,,13,13,130,360341af-e893-408d-8316-659bcdc7d099
2026-04-29T10:55:58Z,java-native,1024,100k,warm,,13,13,131,5a2f8415-a5bd-496c-b645-efbfcf55d5cc
2026-04-29T10:55:58Z,java-native,1024,100k,warm,,12,12,132,8e04cdc5-1da1-44d5-803f-62577d2d308d
2026-04-29T10:55:59Z,java-native,1024,100k,warm,,13,13,133,1cbf0830-5a64-4677-9b3a-8ca0cac33249
2026-04-29T10:56:07Z,java-native,1024,1m,cold,384.27,460,460,97,394474c7-d4f2-4c0c-9ea7-4a99a7589941
2026-04-29T10:56:15Z,java-native,1024,1m,cold,384.00,463,463,97,668a3487-8bb7-4c04-a951-e7dd4c608af1
2026-04-29T10:56:23Z,java-native,1024,1m,cold,517.22,603,603,99,6155487b-d121-413e-b96f-131701e31a25
2026-04-29T10:56:31Z,java-native,1024,1m,cold,503.26,588,588,95,a7818afe-2def-416b-b1c8-8e33bac3bb6b
2026-04-29T10:56:39Z,java-native,1024,1m,cold,377.49,460,460,95,75acceaf-1c39-47bc-8f0d-a9acb7af2afb
2026-04-29T10:56:46Z,java-native,1024,1m,cold,391.97,470,470,97,46379182-d27e-49f0-9bbc-038b8e540d73
2026-04-29T10:56:54Z,java-native,1024,1m,cold,377.73,450,450,97,a8989c76-cfdf-4f82-b277-bb90672f50a8
2026-04-29T10:57:02Z,java-native,1024,1m,cold,383.14,455,455,97,2d3996f2-5ff5-474e-9083-8f7f17c568ab
2026-04-29T10:57:10Z,java-native,1024,1m,cold,542.73,629,629,97,1d212fb2-7937-46ea-8b0c-3d5e8df4b989
2026-04-29T10:57:18Z,java-native,1024,1m,cold,395.93,476,476,97,32e4119d-9e5c-41d8-9fe7-467faa239574
2026-04-29T10:57:26Z,java-native,1024,1m,cold,388.71,463,463,97,25397a80-d64c-4504-9d94-49e17185f9e6
2026-04-29T10:57:34Z,java-native,1024,1m,cold,374.77,455,455,95,818422c7-f56b-41f3-b505-284305660c9a
2026-04-29T10:57:41Z,java-native,1024,1m,cold,385.65,465,465,97,992365b6-fe45-4f48-82d7-8426e5a0e620
2026-04-29T10:57:49Z,java-native,1024,1m,cold,536.30,619,619,97,e3d74a50-1b07-497a-b3a6-9d5148df8d48
2026-04-29T10:57:57Z,java-native,1024,1m,cold,379.58,451,451,97,b96877d1-2318-454f-affd-cd82dc0d36e9
2026-04-29T10:58:06Z,java-native,1024,1m,cold,404.13,480,480,97,5ee4b022-eb8f-482f-804e-7ff0f45567b7
2026-04-29T10:58:13Z,java-native,1024,1m,cold,403.56,484,484,95,9742963f-7793-4f0f-8750-bc4e8e4b7e59
2026-04-29T10:58:22Z,java-native,1024,1m,cold,387.56,464,464,97,c2b6580a-d3ca-4de9-b852-3b8d2aa66280
2026-04-29T10:58:30Z,java-native,1024,1m,cold,510.25,586,586,97,a4960465-3a52-452b-ab54-8e9719d6d9bf
2026-04-29T10:58:38Z,java-native,1024,1m,cold,524.75,604,604,97,289c1ab3-eed9-4928-8fc1-4bdae826bce8
2026-04-29T10:58:45Z,java-native,1024,1m,cold,391.13,471,471,95,1c11ab79-729a-403c-8d40-429102fc812d
2026-04-29T10:58:53Z,java-native,1024,1m,cold,515.48,590,590,97,e8e3d757-87b7-43d7-8ee2-4b2c8c965ee9
2026-04-29T10:59:01Z,java-native,1024,1m,cold,391.20,465,465,97,ba3ce4cd-eabf-4b13-8502-1f01c8a96884
2026-04-29T10:59:09Z,java-native,1024,1m,cold,381.18,447,447,97,843b68b9-eb49-40e2-8e0a-80f610bddc23
2026-04-29T10:59:17Z,java-native,1024,1m,cold,381.67,448,448,97,d4e75a08-b3cb-46cd-ab4d-ebc3bbb9aac2
2026-04-29T10:59:25Z,java-native,1024,1m,cold,385.56,454,454,95,c689faf3-0968-4ee8-90b6-7d119dc73ad4
2026-04-29T10:59:33Z,java-native,1024,1m,cold,513.68,601,601,97,ac992780-6738-4b3d-89d4-713fabe3e420
2026-04-29T10:59:41Z,java-native,1024,1m,cold,383.41,469,469,97,61b67cf1-9250-444a-b7f1-fea4fa01e6d4
2026-04-29T10:59:48Z,java-native,1024,1m,cold,512.22,598,598,97,8fb73fa7-f705-405f-b234-fdfd87dce117
2026-04-29T10:59:56Z,java-native,1024,1m,cold,385.14,476,476,97,fcaa0252-e3a4-4b98-97a8-e57a9fad8ad1
2026-04-29T11:00:04Z,java-native,1024,1m,cold,388.32,467,467,97,0d871185-93d0-43aa-aa92-ac033232b998
2026-04-29T11:00:12Z,java-native,1024,1m,cold,376.72,464,464,97,9f91f1da-348b-46b9-a63b-d7c502de8801
2026-04-29T11:00:20Z,java-native,1024,1m,cold,524.74,607,607,97,d34c86c0-3afa-46e1-9f3d-ff1611d36515
2026-04-29T11:00:28Z,java-native,1024,1m,cold,533.78,612,612,95,960ea4e6-c088-45b1-88c4-312234c0f663
2026-04-29T11:00:35Z,java-native,1024,1m,cold,389.36,475,475,97,3f0bc185-5edc-4d10-bc66-6aa44daafaa9
2026-04-29T11:00:43Z,java-native,1024,1m,cold,384.29,465,465,97,82c8dd0a-c96d-4d64-adee-37d5f6466d96
2026-04-29T11:00:51Z,java-native,1024,1m,cold,379.20,454,454,97,774b1fce-6c83-43ec-ac13-ca4d7b1c1b20
2026-04-29T11:00:59Z,java-native,1024,1m,cold,517.08,607,607,97,2fba2873-f2ab-415d-bdb9-e927cd626df5
2026-04-29T11:01:07Z,java-native,1024,1m,cold,394.73,467,467,95,032eab47-e2ce-4ca3-ac03-316b35414a2d
2026-04-29T11:01:15Z,java-native,1024,1m,cold,529.01,608,608,97,bb888512-91e7-45be-bdc8-0f1d3e934894
2026-04-29T11:01:23Z,java-native,1024,1m,cold,523.81,627,627,97,ef87da0f-a1f1-4e36-8a39-08e88ef2bfa8
2026-04-29T11:01:31Z,java-native,1024,1m,cold,521.03,625,625,97,c21d7642-ab9e-427e-b33e-ee2d183fa59d
2026-04-29T11:01:38Z,java-native,1024,1m,cold,522.15,611,611,97,0c2b5084-8c6c-487a-a70e-a2ce3ff96185
2026-04-29T11:01:46Z,java-native,1024,1m,cold,383.49,465,465,97,4b872a15-355f-4b7c-89b0-1fb246e5f397
2026-04-29T11:01:54Z,java-native,1024,1m,cold,383.18,459,459,97,34d433b9-3547-49eb-9494-eaef1ce41804
2026-04-29T11:02:02Z,java-native,1024,1m,cold,400.20,472,472,97,9aa59bd8-a0b3-474a-a51e-7b024247508a
2026-04-29T11:02:10Z,java-native,1024,1m,cold,525.85,616,616,95,80c89bed-e9f4-43bc-8abe-8efed316ac9b
2026-04-29T11:02:18Z,java-native,1024,1m,cold,402.33,480,480,97,27fbe477-d4eb-409e-bee8-8db5ec025b2a
2026-04-29T11:02:26Z,java-native,1024,1m,cold,393.80,467,467,97,9feb0828-be80-4d56-9ee5-48372ec88b57
2026-04-29T11:02:33Z,java-native,1024,1m,cold,380.77,464,464,97,d1771a14-89ce-4b30-afcc-9d010311f68d
2026-04-29T11:02:36Z,java-native,1024,1m,warm,,42,42,113,1c11f0a5-157b-47e0-9c7c-61c49f387230
2026-04-29T11:02:37Z,java-native,1024,1m,warm,,32,32,118,c0d75b46-cdcb-4631-a6cb-38a491e02361
2026-04-29T11:02:37Z,java-native,1024,1m,warm,,28,28,124,d7361912-5e0c-4449-98f0-e3ae520f5021
2026-04-29T11:02:38Z,java-native,1024,1m,warm,,42,42,129,33180354-cb3f-48f1-b367-4ac1daf2f3bb
2026-04-29T11:02:39Z,java-native,1024,1m,warm,,37,37,134,15a88d87-bafb-4779-ab00-776fa66a531c
2026-04-29T11:02:40Z,java-native,1024,1m,warm,,59,59,139,04ab2c42-a498-4cb5-a9c5-05c79b10be17
2026-04-29T11:02:40Z,java-native,1024,1m,warm,,36,36,139,48b51df5-3b1d-4ef2-b8b6-c52e7cf09105
2026-04-29T11:02:41Z,java-native,1024,1m,warm,,32,32,139,40245cdc-a070-4543-9dc2-df4f55ac580d
2026-04-29T11:02:42Z,java-native,1024,1m,warm,,40,40,139,76126f5c-abe7-454d-83f6-af42d1427c5f
2026-04-29T11:02:43Z,java-native,1024,1m,warm,,37,37,139,64e3828c-0522-4675-bed7-a99b2f28214c
2026-04-29T11:02:44Z,java-native,1024,1m,warm,,26,26,139,f859d5c0-ff28-4f52-b440-971d2f34e8bf
2026-04-29T11:02:44Z,java-native,1024,1m,warm,,26,26,139,b0a077fa-cb71-4717-bbc7-36338b742f14
2026-04-29T11:02:45Z,java-native,1024,1m,warm,,30,30,139,14f9edd4-b820-48e4-b498-a3c43bda9242
2026-04-29T11:02:46Z,java-native,1024,1m,warm,,37,37,139,a21d0e67-c190-4945-9cca-6c93f7b4df27
2026-04-29T11:02:46Z,java-native,1024,1m,warm,,47,47,142,0234f015-0f44-400c-b458-df1d7dfeb526
2026-04-29T11:02:47Z,java-native,1024,1m,warm,,40,40,142,0fbcb823-787f-43c4-b5a6-fce161ffa4fd
2026-04-29T11:02:48Z,java-native,1024,1m,warm,,39,39,142,48fbdda6-5787-4f53-85b3-1ab2f540ee06
2026-04-29T11:02:49Z,java-native,1024,1m,warm,,39,39,142,1a7bf33c-c515-4b30-924a-70b767927370
2026-04-29T11:02:50Z,java-native,1024,1m,warm,,38,38,142,36135de0-f598-4e1e-8901-4fafd4186e66
2026-04-29T11:02:50Z,java-native,1024,1m,warm,,37,37,142,894952de-9b05-47cc-ad1d-00b595d758fb
2026-04-29T11:02:51Z,java-native,1024,1m,warm,,24,24,142,9c96392a-1789-49e5-83f6-3eb0d06d59f7
2026-04-29T11:02:52Z,java-native,1024,1m,warm,,33,33,142,7e45e108-c68d-4f6c-bda6-1b05d84fe1cd
2026-04-29T11:02:53Z,java-native,1024,1m,warm,,32,32,142,e0af42e2-8123-4725-b1be-dec35282e834
2026-04-29T11:02:53Z,java-native,1024,1m,warm,,30,30,142,d339d1e8-96d0-4e78-a66f-c50ebe34f791
2026-04-29T11:02:54Z,java-native,1024,1m,warm,,41,41,142,70d0be5c-2570-49cf-96b4-821166128bef
2026-04-29T11:02:55Z,java-native,1024,1m,warm,,34,34,142,0a4b5eb2-8091-4ac5-8b06-6159f1f51d72
2026-04-29T11:02:56Z,java-native,1024,1m,warm,,31,31,142,6aba713d-5398-4bcf-9b84-19a4272857ce
2026-04-29T11:02:56Z,java-native,1024,1m,warm,,30,30,142,61f009d4-c5c9-4c42-9464-e95e2adc877f
2026-04-29T11:02:57Z,java-native,1024,1m,warm,,41,41,142,a49aa723-7f8b-4620-93be-2978f12d27c4
2026-04-29T11:02:58Z,java-native,1024,1m,warm,,30,30,142,d63f4dcf-be34-4e4a-88b9-e61e5605160a
2026-04-29T11:02:59Z,java-native,1024,1m,warm,,45,45,142,295e8e33-106c-4edc-8476-408fb28a465f
2026-04-29T11:02:59Z,java-native,1024,1m,warm,,40,40,142,72716743-eec4-4723-aeeb-cdfa23d57a66
2026-04-29T11:03:00Z,java-native,1024,1m,warm,,39,39,142,6b2f84c9-9c79-49b1-ab0f-a0e3e991d902
2026-04-29T11:03:01Z,java-native,1024,1m,warm,,43,43,142,0c6f9586-78b7-4b8d-9bba-ec72d0a4191c
2026-04-29T11:03:02Z,java-native,1024,1m,warm,,36,36,142,23e6e300-b9b6-425d-90be-4e8c31de6976
2026-04-29T11:03:03Z,java-native,1024,1m,warm,,36,36,142,71b919a8-42b8-42fc-9162-9984742c9d46
2026-04-29T11:03:03Z,java-native,1024,1m,warm,,45,45,142,8cde13c9-981a-48f2-b845-1f9f7f3f8551
2026-04-29T11:03:04Z,java-native,1024,1m,warm,,34,34,142,5d5c9abd-03f7-4af2-89c6-59da1343eb39
2026-04-29T11:03:05Z,java-native,1024,1m,warm,,28,28,142,685bf716-cf31-47aa-87c2-7545ba8f818c
2026-04-29T11:03:06Z,java-native,1024,1m,warm,,30,30,142,5a942a74-ad6c-4542-b0c3-aa6fd1d44f3c
2026-04-29T11:03:06Z,java-native,1024,1m,warm,,40,40,142,94880e4c-7089-40b0-992c-75cd8314f4f1
2026-04-29T11:03:07Z,java-native,1024,1m,warm,,34,34,142,1c64d22c-0c0d-4113-9c24-7a2b1f9a6682
2026-04-29T11:03:08Z,java-native,1024,1m,warm,,38,38,142,a5d660a6-a490-4479-a7c0-00a8ed6bc82b
2026-04-29T11:03:09Z,java-native,1024,1m,warm,,37,37,142,49184aaa-0208-44ba-8d91-2ba3cdfc73f5
2026-04-29T11:03:09Z,java-native,1024,1m,warm,,34,34,142,89b14a76-11ec-4f29-b9ee-fb960eda670c
2026-04-29T11:03:10Z,java-native,1024,1m,warm,,32,32,142,8baa7c83-5afd-4546-90b7-c14d8c169bfe
2026-04-29T11:03:11Z,java-native,1024,1m,warm,,37,37,142,3d29883a-c0f7-4153-9f7d-d2d52a8a9019
2026-04-29T11:03:12Z,java-native,1024,1m,warm,,41,41,142,63c1bb48-cd59-4142-87db-114fb51f2b98
2026-04-29T11:03:13Z,java-native,1024,1m,warm,,39,39,142,cd2520a2-50a5-4c41-921d-6a23f8b8a14e
2026-04-29T11:03:13Z,java-native,1024,1m,warm,,30,30,142,9ddb82ed-8305-408b-bc5e-5da49a96e091
2026-04-29T11:03:21Z,java-native,1769,1k,cold,394.39,444,444,92,c6dbaf80-2c11-432b-a329-7dd69df8dd6e
2026-04-29T11:03:29Z,java-native,1769,1k,cold,385.58,432,432,92,a478b674-54cb-49f2-90b6-b390050e3779
2026-04-29T11:03:37Z,java-native,1769,1k,cold,522.92,572,572,90,e8326911-f6cf-4ce8-b1e5-9c840f68b894
2026-04-29T11:03:45Z,java-native,1769,1k,cold,381.77,431,431,92,698ac440-8ba3-4082-b37a-c3102dd7a459
2026-04-29T11:03:52Z,java-native,1769,1k,cold,384.55,423,423,92,48f44423-4438-4629-b5e0-7ab10fc9b40b
2026-04-29T11:04:00Z,java-native,1769,1k,cold,389.66,440,440,92,e067365a-6949-415e-bd48-5819d191ced5
2026-04-29T11:04:08Z,java-native,1769,1k,cold,521.48,567,567,92,68ebf94f-6f8f-4b2e-9bed-6eb3dc66d0a3
2026-04-29T11:04:16Z,java-native,1769,1k,cold,386.29,424,424,92,803ef588-d331-4388-bb52-c5647f7141cd
2026-04-29T11:04:24Z,java-native,1769,1k,cold,524.63,561,561,90,7449eb0d-a9c2-4646-bc01-72ef71267a74
2026-04-29T11:04:31Z,java-native,1769,1k,cold,393.79,432,432,92,37b85cc9-11e9-4c53-a080-919251a169ee
2026-04-29T11:04:39Z,java-native,1769,1k,cold,380.38,415,415,90,b895ff82-4c06-45e9-ae17-7da0e0cbfd5f
2026-04-29T11:04:46Z,java-native,1769,1k,cold,389.19,434,434,90,4f27a861-d933-444d-b2a1-3c0bffc0c2c1
2026-04-29T11:04:54Z,java-native,1769,1k,cold,390.17,427,427,90,cd901793-8947-406b-b848-1b8a681771a0
2026-04-29T11:05:02Z,java-native,1769,1k,cold,528.39,566,566,90,baa17d9a-369d-4b8d-8495-470380962451
2026-04-29T11:05:10Z,java-native,1769,1k,cold,387.85,424,424,92,1f4a8359-3003-43e2-8198-38c2422fe371
2026-04-29T11:05:17Z,java-native,1769,1k,cold,390.55,438,438,92,ab8e3624-daa2-4cab-9414-082dd47b03a6
2026-04-29T11:05:25Z,java-native,1769,1k,cold,381.08,424,424,92,c2fc92f2-016a-420a-8ebb-7dd8d1c0cac7
2026-04-29T11:05:33Z,java-native,1769,1k,cold,374.25,408,408,92,e4459f97-5497-4b62-bdc9-de62a06b793c
2026-04-29T11:05:40Z,java-native,1769,1k,cold,374.35,410,410,90,26aff4b6-c73d-4214-aeaf-2add539981cb
2026-04-29T11:05:48Z,java-native,1769,1k,cold,391.02,440,440,92,1e13fc3d-0279-4c96-856d-edab976fd984
2026-04-29T11:05:56Z,java-native,1769,1k,cold,386.79,420,420,92,5d551249-308c-44cc-a208-7cb30604edc5
2026-04-29T11:06:03Z,java-native,1769,1k,cold,375.24,411,411,90,372e913d-cedf-47e7-a324-7008f857887e
2026-04-29T11:06:11Z,java-native,1769,1k,cold,391.26,423,423,90,df7aba4e-e319-4388-addb-00d0fb5507ed
2026-04-29T11:06:19Z,java-native,1769,1k,cold,532.48,573,573,92,66c2d22c-fd97-4823-a6f0-65c33c609bb4
2026-04-29T11:06:26Z,java-native,1769,1k,cold,388.91,428,428,92,9940198e-d18d-42c2-963b-8521c03871bf
2026-04-29T11:06:34Z,java-native,1769,1k,cold,518.97,558,558,94,0d92097b-b828-4d97-be5b-19b60398bf87
2026-04-29T11:06:42Z,java-native,1769,1k,cold,375.36,413,413,92,b94c025f-fafa-4c4d-993f-c004ec99e651
2026-04-29T11:06:50Z,java-native,1769,1k,cold,518.39,560,560,90,8026756e-d773-419e-9cb8-e4e49332d7e4
2026-04-29T11:06:57Z,java-native,1769,1k,cold,512.78,563,563,92,932403a9-86cb-4830-9e5a-a14593f95490
2026-04-29T11:07:05Z,java-native,1769,1k,cold,521.62,558,558,90,1701e2a9-4682-49c5-ac84-feb2818b946a
2026-04-29T11:07:13Z,java-native,1769,1k,cold,526.01,561,561,92,5acf865f-ebe7-4273-929d-13d520159ee8
2026-04-29T11:07:21Z,java-native,1769,1k,cold,381.31,421,421,92,40f33b56-522f-4aaf-899f-18af0fb49ad3
2026-04-29T11:07:29Z,java-native,1769,1k,cold,512.08,551,551,92,d6b9bb57-1050-4eaa-95fd-33565ca3c8eb
2026-04-29T11:07:36Z,java-native,1769,1k,cold,380.46,426,426,92,f7f03cb8-d691-4aa7-b000-880508800696
2026-04-29T11:07:44Z,java-native,1769,1k,cold,529.46,573,573,92,48d1c12a-8892-4fc8-ba95-d79a497bbd37
2026-04-29T11:07:52Z,java-native,1769,1k,cold,380.67,425,425,92,4398950f-a6f0-45d6-b561-ee294761bdb2
2026-04-29T11:08:00Z,java-native,1769,1k,cold,380.82,417,417,92,22f15445-2e98-44d4-a202-309cc234a2fe
2026-04-29T11:08:07Z,java-native,1769,1k,cold,511.92,556,556,92,2ca4852b-beef-4eb8-8315-1cbe9a49fb27
2026-04-29T11:08:15Z,java-native,1769,1k,cold,534.30,576,576,92,d19e032d-a9d7-4b60-9e39-85385a1573c4
2026-04-29T11:08:23Z,java-native,1769,1k,cold,386.14,425,425,90,726dc3ce-1323-44de-906f-11871dbe200f
2026-04-29T11:08:31Z,java-native,1769,1k,cold,513.15,558,558,92,bffc3bc2-eddc-4878-b2e7-c9c2182aee18
2026-04-29T11:08:38Z,java-native,1769,1k,cold,378.50,415,415,90,056975a4-5739-4f9e-be47-7e11a1da414f
2026-04-29T11:08:46Z,java-native,1769,1k,cold,380.29,418,418,92,6ad950f6-dcd6-4f4f-b468-b61b193c23be
2026-04-29T11:08:54Z,java-native,1769,1k,cold,388.28,424,424,92,3f750dc8-0aaf-4940-a6d8-c192ab058c40
2026-04-29T11:09:01Z,java-native,1769,1k,cold,393.15,414,414,92,b49d26e0-105e-4f42-b09b-588fe47b69b3
2026-04-29T11:09:09Z,java-native,1769,1k,cold,536.98,581,581,92,e012a4ad-71ec-4d19-8c52-ba9e2c9b739c
2026-04-29T11:09:17Z,java-native,1769,1k,cold,389.79,428,428,92,698bf1b8-38ae-4a43-9a23-67c919f98dc8
2026-04-29T11:09:24Z,java-native,1769,1k,cold,378.97,412,412,90,54ad81c5-0d0f-40c8-9b41-8d4fe037b8fd
2026-04-29T11:09:32Z,java-native,1769,1k,cold,394.95,433,433,92,7c6d1b61-78db-45a6-b781-b9cc183883c5
2026-04-29T11:09:40Z,java-native,1769,1k,cold,614.32,670,670,92,7f1cc578-ad76-473b-b056-0f208df223b6
2026-04-29T11:09:42Z,java-native,1769,1k,warm,,10,10,93,17674696-fe94-4855-be26-299d36eb3ddc
2026-04-29T11:09:42Z,java-native,1769,1k,warm,,13,13,93,fae37a66-5997-440c-bf19-8871882c2772
2026-04-29T11:09:43Z,java-native,1769,1k,warm,,10,10,94,af34322e-8a25-44b4-afe9-44d965b492ac
2026-04-29T11:09:44Z,java-native,1769,1k,warm,,13,13,94,afe8d139-c3e2-4a4b-a03c-6b24653c5b1a
2026-04-29T11:09:44Z,java-native,1769,1k,warm,,10,10,94,6f890b2c-d453-4de0-890d-b39976397a79
2026-04-29T11:09:45Z,java-native,1769,1k,warm,,11,11,95,51a24ce0-bb0a-4692-a534-925bfd23f232
2026-04-29T11:09:45Z,java-native,1769,1k,warm,,12,12,95,86a56034-ca60-43f6-9cd8-afacacfe90ed
2026-04-29T11:09:46Z,java-native,1769,1k,warm,,11,11,95,759aea18-6089-4f84-b46b-612c46309890
2026-04-29T11:09:46Z,java-native,1769,1k,warm,,11,11,96,910c766f-c91c-4804-98fa-a6b8cae12d3e
2026-04-29T11:09:47Z,java-native,1769,1k,warm,,10,10,96,fc79f447-d4e3-4b82-b9ac-cb3f5fc25891
2026-04-29T11:09:47Z,java-native,1769,1k,warm,,10,10,96,b099b895-4f5b-4bec-924b-6a4b4fbaaa28
2026-04-29T11:09:48Z,java-native,1769,1k,warm,,10,10,97,d748c48c-e3fe-4619-a3a9-6236abaf3810
2026-04-29T11:09:48Z,java-native,1769,1k,warm,,10,10,97,79f483a1-2c0d-416e-843a-3f4ba846f53b
2026-04-29T11:09:49Z,java-native,1769,1k,warm,,10,10,97,3dc3fb65-87e9-495c-88cc-ef0d34a6a103
2026-04-29T11:09:49Z,java-native,1769,1k,warm,,11,11,98,456f68e0-9702-428b-af5d-a94390e2e866
2026-04-29T11:09:50Z,java-native,1769,1k,warm,,10,10,98,3443e312-8a2d-474a-8ae1-1cad0f087e9d
2026-04-29T11:09:50Z,java-native,1769,1k,warm,,10,10,98,5c1539dd-ce6b-47d3-b03d-470a8ff11197
2026-04-29T11:09:51Z,java-native,1769,1k,warm,,10,10,99,0a425173-0791-4b2a-aae5-85db2ed04e3c
2026-04-29T11:09:52Z,java-native,1769,1k,warm,,10,10,99,f4d37fbd-f811-435f-80c4-a08a0c3ff1dd
2026-04-29T11:09:52Z,java-native,1769,1k,warm,,10,10,99,2ae1663f-7b50-4464-acfa-4a25b71d3524
2026-04-29T11:09:53Z,java-native,1769,1k,warm,,10,10,100,edb2e6f7-ccd0-40fd-b085-fe932acdb7a8
2026-04-29T11:09:53Z,java-native,1769,1k,warm,,10,10,100,460c6993-bf9f-4e9c-9f10-7da5dcae0bb7
2026-04-29T11:09:54Z,java-native,1769,1k,warm,,10,10,100,a4bc403c-7d75-44e7-8c66-63f489311bc0
2026-04-29T11:09:54Z,java-native,1769,1k,warm,,10,10,101,318defa5-e313-4e83-9cff-6d8e48de286c
2026-04-29T11:09:55Z,java-native,1769,1k,warm,,10,10,101,dc19079c-3991-4199-94c3-7a04a28ce891
2026-04-29T11:09:55Z,java-native,1769,1k,warm,,10,10,101,252f77d2-270f-4a33-a1b3-f25e905f49a4
2026-04-29T11:09:56Z,java-native,1769,1k,warm,,12,12,102,6240930a-0229-43b4-978e-2dfc05ae4eaf
2026-04-29T11:09:57Z,java-native,1769,1k,warm,,11,11,102,42fdea07-74b7-49ab-b3fe-66193662ef45
2026-04-29T11:09:57Z,java-native,1769,1k,warm,,10,10,103,71170a95-9733-4a24-a30f-70422beb9df1
2026-04-29T11:09:58Z,java-native,1769,1k,warm,,11,11,103,8b63ca44-7430-4066-8761-c57a83686922
2026-04-29T11:09:58Z,java-native,1769,1k,warm,,10,10,103,eb031c1f-ff98-44b5-93d9-07bd84b74d8a
2026-04-29T11:09:59Z,java-native,1769,1k,warm,,10,10,104,d3c15def-25b7-4f86-8a79-785db606e120
2026-04-29T11:09:59Z,java-native,1769,1k,warm,,10,10,104,b4f01697-859d-445b-8170-19786bacec49
2026-04-29T11:10:00Z,java-native,1769,1k,warm,,10,10,104,8b726817-3681-4afd-8924-084e171a2a57
2026-04-29T11:10:00Z,java-native,1769,1k,warm,,10,10,105,9e73a6b1-71bb-4090-bc1d-afc1aec47332
2026-04-29T11:10:01Z,java-native,1769,1k,warm,,10,10,105,7045d72e-8d19-4f9f-9daf-f05be2dd75b5
2026-04-29T11:10:01Z,java-native,1769,1k,warm,,10,10,105,32c29026-032e-4ccc-a738-def5ba238a2c
2026-04-29T11:10:02Z,java-native,1769,1k,warm,,10,10,106,2131fff2-67bb-43ba-889a-9b4059600edb
2026-04-29T11:10:02Z,java-native,1769,1k,warm,,10,10,106,2c17b525-2c46-4b42-a7b7-a46f552ba21f
2026-04-29T11:10:03Z,java-native,1769,1k,warm,,11,11,106,e702b397-33d8-435f-b345-001ab9e93cc6
2026-04-29T11:10:04Z,java-native,1769,1k,warm,,13,13,107,7bbfd190-86dc-4fb0-a558-88f51b52926b
2026-04-29T11:10:04Z,java-native,1769,1k,warm,,12,12,107,bb66b983-db7d-4791-a5f6-a20e1a4d2063
2026-04-29T11:10:05Z,java-native,1769,1k,warm,,11,11,107,b6478ca8-378c-4cfa-80a0-6409524699c0
2026-04-29T11:10:05Z,java-native,1769,1k,warm,,12,12,108,f634107c-2f21-4546-89b7-e9bebef9d716
2026-04-29T11:10:06Z,java-native,1769,1k,warm,,11,11,108,353a9b7b-6bcb-49f0-8956-e809c99c1e4f
2026-04-29T11:10:06Z,java-native,1769,1k,warm,,10,10,108,132cba47-a072-4ece-8e27-1654c99a799c
2026-04-29T11:10:07Z,java-native,1769,1k,warm,,10,10,109,6ae0ceb5-172b-4492-8dba-2f00a7b8e513
2026-04-29T11:10:07Z,java-native,1769,1k,warm,,10,10,109,9cdc2495-e25a-4fec-8b42-19682db854d3
2026-04-29T11:10:08Z,java-native,1769,1k,warm,,10,10,109,2a09d026-2572-4474-9673-c3c5f6a3ebf5
2026-04-29T11:10:09Z,java-native,1769,1k,warm,,11,11,110,962dad2d-a7ae-4d65-80d6-227d68ac4e21
2026-04-29T11:10:16Z,java-native,1769,100k,cold,392.07,436,436,93,d1fe1e7a-358f-4e2a-a962-140b7ee2cd2e
2026-04-29T11:10:24Z,java-native,1769,100k,cold,373.27,423,423,92,de3bb4c7-54c5-4728-ab12-b49020c0f6ad
2026-04-29T11:10:32Z,java-native,1769,100k,cold,383.15,439,439,93,3d6c2c45-60ef-4123-938f-80cac7e223d6
2026-04-29T11:10:40Z,java-native,1769,100k,cold,517.24,564,564,93,648e6360-2f7e-4445-8d5d-3b7ea10e965f
2026-04-29T11:10:48Z,java-native,1769,100k,cold,400.62,447,447,93,75cfa3a4-b0a1-439f-a927-32eac3fee9cd
2026-04-29T11:10:55Z,java-native,1769,100k,cold,386.93,431,431,93,c2685b6d-ecba-473f-aba0-8f8a3487a38a
2026-04-29T11:11:03Z,java-native,1769,100k,cold,386.28,426,426,92,626257f4-8edc-41e0-835d-211e8e507849
2026-04-29T11:11:11Z,java-native,1769,100k,cold,380.42,418,418,90,69fc5e4a-49d3-4429-8c9f-72901664c8ba
2026-04-29T11:11:19Z,java-native,1769,100k,cold,524.23,573,573,93,9167ac61-68a9-450e-8c5c-fd49665932ee
2026-04-29T11:11:26Z,java-native,1769,100k,cold,376.31,405,405,93,d86b874a-f1b1-4e5f-86a5-4adfab82e608
2026-04-29T11:11:34Z,java-native,1769,100k,cold,520.55,568,568,92,fd66a30b-53ed-4454-91dd-030b35fba300
2026-04-29T11:11:42Z,java-native,1769,100k,cold,396.81,436,436,92,e0fb1e94-0f68-4085-b13c-844fbe0ee490
2026-04-29T11:11:50Z,java-native,1769,100k,cold,391.83,442,442,91,c0a402b3-87fe-4d10-9049-cb5836ead2f6
2026-04-29T11:11:57Z,java-native,1769,100k,cold,401.60,446,446,92,163b2f50-5aca-4017-9a66-ca580a030bb9
2026-04-29T11:12:05Z,java-native,1769,100k,cold,383.08,420,420,91,2df1acc6-49a2-4f29-8db7-801e9f004f2c
2026-04-29T11:12:13Z,java-native,1769,100k,cold,517.91,555,555,92,f30ee695-1ed1-4f18-ad42-128ed2318084
2026-04-29T11:12:21Z,java-native,1769,100k,cold,393.37,434,434,92,f5f32bc4-873b-4887-a6d6-bd68c0f1cca7
2026-04-29T11:12:29Z,java-native,1769,100k,cold,392.38,443,443,93,685eae8e-f294-45ac-823c-1989bc5e5429
2026-04-29T11:12:36Z,java-native,1769,100k,cold,390.02,430,430,93,a536d710-2bda-4f52-ab00-4a05aefdcd1d
2026-04-29T11:12:44Z,java-native,1769,100k,cold,514.81,551,551,93,71246731-ad90-4c94-a5c9-c684767770aa
2026-04-29T11:12:52Z,java-native,1769,100k,cold,523.73,576,576,92,b891ced3-2195-4ae0-a125-6799295da6bd
2026-04-29T11:13:00Z,java-native,1769,100k,cold,517.19,555,555,90,f5717d4a-de1a-4697-af43-9885905bdab8
2026-04-29T11:13:08Z,java-native,1769,100k,cold,389.72,430,430,92,dc937ee9-7972-494e-80fd-e22851fbcccf
2026-04-29T11:13:16Z,java-native,1769,100k,cold,525.49,581,581,92,8d1d0bfe-1198-47c5-80e5-9bedcb42e84e
2026-04-29T11:13:23Z,java-native,1769,100k,cold,383.22,423,423,91,62656209-0494-4fe9-90e0-92bd479a59fd
2026-04-29T11:13:31Z,java-native,1769,100k,cold,390.75,429,429,93,3c6df7be-fec1-4ee3-99e5-dc044f9cc967
2026-04-29T11:13:39Z,java-native,1769,100k,cold,384.48,429,429,93,66ef9aef-83c5-4f8b-865e-7483271f4c79
2026-04-29T11:13:47Z,java-native,1769,100k,cold,524.46,579,579,93,fa958d14-1686-4a64-beb8-c4af31399ef8
2026-04-29T11:13:55Z,java-native,1769,100k,cold,387.96,445,445,93,ef0bdfbb-ec45-48d1-b088-d5fb9eb35fd9
2026-04-29T11:14:03Z,java-native,1769,100k,cold,392.09,429,429,92,1a5027e4-3d7e-40ba-8705-22a6f24078d2
2026-04-29T11:14:10Z,java-native,1769,100k,cold,394.52,433,433,93,2855083c-3e75-4b5c-be3a-30b32cb43dfb
2026-04-29T11:14:18Z,java-native,1769,100k,cold,387.72,426,426,92,3927eff7-9f54-4170-adc2-4092d096fb05
2026-04-29T11:14:26Z,java-native,1769,100k,cold,386.24,428,428,91,815c4f1e-e3ab-42df-962d-fd6e5e505f7a
2026-04-29T11:14:34Z,java-native,1769,100k,cold,389.25,427,427,91,15cbfffb-e007-4da5-b4e4-ca17262b36b6
2026-04-29T11:14:42Z,java-native,1769,100k,cold,509.87,554,554,93,9ed3c1a2-09b6-42c7-b60e-5f759f503482
2026-04-29T11:14:49Z,java-native,1769,100k,cold,387.24,425,425,93,bb3bc558-01bc-488d-8a9e-abc34dde0962
2026-04-29T11:14:57Z,java-native,1769,100k,cold,508.88,558,558,93,f65c39f2-1f2d-46e3-bad1-7c4c6c805b54
2026-04-29T11:15:05Z,java-native,1769,100k,cold,396.99,442,442,92,2397d481-5295-4652-923d-34c9c2895a3d
2026-04-29T11:15:13Z,java-native,1769,100k,cold,400.76,436,436,93,2b4cf1f3-6ee1-45c7-9b9c-0a1b329eee6c
2026-04-29T11:15:20Z,java-native,1769,100k,cold,425.48,470,470,93,ba2a0039-e79d-4004-859c-a5f5b18e1d4d
2026-04-29T11:15:28Z,java-native,1769,100k,cold,520.62,562,562,93,1e03304a-5af9-420d-b68a-2978837293cb
2026-04-29T11:15:36Z,java-native,1769,100k,cold,379.15,423,423,93,cd76728d-ea0d-4421-80a5-7f20856bcec3
2026-04-29T11:15:44Z,java-native,1769,100k,cold,391.53,422,422,92,c62d71d3-3dad-40e7-8d1c-0d7f2ded31fc
2026-04-29T11:15:51Z,java-native,1769,100k,cold,384.08,428,428,93,a93623b0-df0b-43b6-bf2f-7607e6f37ed3
2026-04-29T11:15:59Z,java-native,1769,100k,cold,373.87,412,412,93,8ab8d749-00e7-43fc-90ea-fc3fef8b0768
2026-04-29T11:16:07Z,java-native,1769,100k,cold,387.31,428,428,93,c3a58622-6e87-455b-ba0a-3e079640aede
2026-04-29T11:16:15Z,java-native,1769,100k,cold,392.63,439,439,91,037bbb8b-4408-4a4b-8aac-8c51eb71dcd5
2026-04-29T11:16:22Z,java-native,1769,100k,cold,386.86,423,423,93,4697a756-2dbd-4bb6-849e-da611fc3d368
2026-04-29T11:16:30Z,java-native,1769,100k,cold,382.17,413,413,93,c8bfcd26-eea3-48e2-ab7b-1bd35c022a17
2026-04-29T11:16:38Z,java-native,1769,100k,cold,513.19,553,553,93,13de5a8b-a87c-4aa0-835d-1657fdc2156c
2026-04-29T11:16:40Z,java-native,1769,100k,warm,,16,16,95,c9a9969f-116d-4e5a-b22b-9b201013ef40
2026-04-29T11:16:40Z,java-native,1769,100k,warm,,13,13,96,745fbfd8-d1f3-40de-a177-10cb4203cc32
2026-04-29T11:16:41Z,java-native,1769,100k,warm,,12,12,96,a858bdac-67f3-43f3-82c8-fc7eef3dc091
2026-04-29T11:16:42Z,java-native,1769,100k,warm,,13,13,97,8bee2fec-e845-4c39-ba18-50a43da9a6d9
2026-04-29T11:16:42Z,java-native,1769,100k,warm,,13,13,98,42d26cce-c7f4-4f50-8b52-ea1d0d606097
2026-04-29T11:16:43Z,java-native,1769,100k,warm,,13,13,99,f2f59f55-ef5b-4726-8b44-e52c25f401e6
2026-04-29T11:16:44Z,java-native,1769,100k,warm,,13,13,99,6527d7b4-700b-423e-936c-5f4da848a1e2
2026-04-29T11:16:44Z,java-native,1769,100k,warm,,12,12,100,ad02a803-6513-46b9-be28-087189193bf5
2026-04-29T11:16:45Z,java-native,1769,100k,warm,,13,13,101,1c91feee-0c16-4861-85c4-bd78584f029f
2026-04-29T11:16:46Z,java-native,1769,100k,warm,,12,12,102,2e9ddcae-87e7-420d-87ae-0feb1b4a8956
2026-04-29T11:16:46Z,java-native,1769,100k,warm,,13,13,102,c826f2c2-f660-43a3-83d1-a31c281ad006
2026-04-29T11:16:47Z,java-native,1769,100k,warm,,12,12,103,ac89a09b-e7f3-4559-8aa6-0c04eae814c1
2026-04-29T11:16:47Z,java-native,1769,100k,warm,,16,16,104,faeb813f-77a4-45c6-884c-c6472828b47c
2026-04-29T11:16:48Z,java-native,1769,100k,warm,,13,13,105,fe68d529-fa0f-4fe5-8a5d-66a1453219d3
2026-04-29T11:16:49Z,java-native,1769,100k,warm,,13,13,105,dfb1221f-21d1-4f4b-9667-5ed23551035e
2026-04-29T11:16:49Z,java-native,1769,100k,warm,,12,12,106,b9700949-5ab0-4b2b-a2af-c6cee0117b5e
2026-04-29T11:16:50Z,java-native,1769,100k,warm,,12,12,107,8e336955-3100-4eca-b17d-6be48f846b77
2026-04-29T11:16:50Z,java-native,1769,100k,warm,,12,12,108,bc8b5588-0328-4de6-a959-744517cb65a7
2026-04-29T11:16:51Z,java-native,1769,100k,warm,,12,12,109,99972773-9dde-4896-ad5b-e9769b9decb6
2026-04-29T11:16:52Z,java-native,1769,100k,warm,,12,12,109,809308fc-c0bc-48e2-8482-4f905dcb6bcf
2026-04-29T11:16:52Z,java-native,1769,100k,warm,,12,12,110,79d35c86-1a1f-44a8-84c8-050f699c30a9
2026-04-29T11:16:53Z,java-native,1769,100k,warm,,12,12,111,8960014f-8b85-4766-83c5-6e3b32b6a86c
2026-04-29T11:16:54Z,java-native,1769,100k,warm,,13,13,112,8aa30994-e3f4-4a4a-89e0-18802409025e
2026-04-29T11:16:54Z,java-native,1769,100k,warm,,12,12,112,94161812-6cfa-470b-8c71-17e0ecff1c83
2026-04-29T11:16:55Z,java-native,1769,100k,warm,,13,13,113,58ad9065-64ff-4b8f-a1fe-a7fc619af0f5
2026-04-29T11:16:56Z,java-native,1769,100k,warm,,13,13,114,bee3b248-5ef6-43b0-8437-e0dfa6dbd088
2026-04-29T11:16:56Z,java-native,1769,100k,warm,,13,13,115,e1eb9e3b-6259-4999-b708-bc584932bc50
2026-04-29T11:16:57Z,java-native,1769,100k,warm,,12,12,116,07d87db8-be22-41c1-bec6-63e04f7798d2
2026-04-29T11:16:57Z,java-native,1769,100k,warm,,12,12,116,1aa35aaf-b7e9-493d-82c7-9ff4b3c9f4ce
2026-04-29T11:16:58Z,java-native,1769,100k,warm,,12,12,117,cb80abe4-8be0-4f3d-9f4b-629afe194e66
2026-04-29T11:16:59Z,java-native,1769,100k,warm,,14,14,118,7cff8f6a-371c-4671-a277-ca0507118b80
2026-04-29T11:16:59Z,java-native,1769,100k,warm,,13,13,119,027c6654-cc85-40b7-90e7-d7d265245f8d
2026-04-29T11:17:00Z,java-native,1769,100k,warm,,14,14,119,61f398aa-df33-43d5-a91c-71a3ef11918a
2026-04-29T11:17:01Z,java-native,1769,100k,warm,,12,12,120,daf32029-ef12-4cbf-a706-3d3c1ddc3651
2026-04-29T11:17:01Z,java-native,1769,100k,warm,,12,12,121,f8ccbcc4-7ec7-487d-86c4-d1d48a8b5f64
2026-04-29T11:17:02Z,java-native,1769,100k,warm,,12,12,122,153c6cbb-7f62-4f2b-895f-102764ea1b4f
2026-04-29T11:17:02Z,java-native,1769,100k,warm,,12,12,122,30a5b518-ad8d-4fff-93a1-6d4b1f808c56
2026-04-29T11:17:03Z,java-native,1769,100k,warm,,12,12,123,7aaae0ce-72ac-4583-a3b8-efc04c69c1bb
2026-04-29T11:17:04Z,java-native,1769,100k,warm,,12,12,124,cdc01929-34b0-4fa4-960e-03674df6846f
2026-04-29T11:17:04Z,java-native,1769,100k,warm,,13,13,125,ec3d8da9-d3b8-4463-9277-c5eff3831c5e
2026-04-29T11:17:05Z,java-native,1769,100k,warm,,12,12,126,3e08a4de-aa7d-4ecc-ae3e-e4e37f9bc3bc
2026-04-29T11:17:06Z,java-native,1769,100k,warm,,14,14,126,9b2a6d35-457b-4993-aa6f-11d37485afe8
2026-04-29T11:17:06Z,java-native,1769,100k,warm,,12,12,127,a119cfb1-c31d-4fe5-a76a-feafb98bc992
2026-04-29T11:17:07Z,java-native,1769,100k,warm,,13,13,128,e3f632a6-aedf-44e3-8c2d-a790d1dc4ed0
2026-04-29T11:17:08Z,java-native,1769,100k,warm,,13,13,129,80781e20-4710-4677-8990-84e5486ad380
2026-04-29T11:17:08Z,java-native,1769,100k,warm,,12,12,129,b22045e6-1c49-4790-a877-ed38541ff09b
2026-04-29T11:17:09Z,java-native,1769,100k,warm,,12,12,130,d15e6cfa-1c4e-47a7-b830-8c0df09e1027
2026-04-29T11:17:09Z,java-native,1769,100k,warm,,12,12,131,15fd3d5c-b2ba-490a-9394-0e811ecd1733
2026-04-29T11:17:10Z,java-native,1769,100k,warm,,13,13,132,a7d46d98-880e-4047-8fb7-38283bbf5110
2026-04-29T11:17:11Z,java-native,1769,100k,warm,,13,13,132,0ac86055-2ca6-4782-b2b8-af07e727569d
2026-04-29T11:17:19Z,java-native,1769,1m,cold,522.27,596,596,97,fa76b442-15d0-4e66-9ce2-1bfa2b628c8a
2026-04-29T11:17:26Z,java-native,1769,1m,cold,396.19,463,463,97,38d7b207-f58c-4ac7-bc7a-1a8e9b235c8f
2026-04-29T11:17:34Z,java-native,1769,1m,cold,392.81,458,458,97,e33a3ad2-0abc-4462-8959-0dd88c5fd149
2026-04-29T11:17:42Z,java-native,1769,1m,cold,505.51,579,579,97,ae441a52-53e0-49ec-b84a-ff7a3857419d
2026-04-29T11:17:50Z,java-native,1769,1m,cold,381.84,443,443,97,bd854936-a348-4d3a-9621-12c8ac2aa0a1
2026-04-29T11:17:58Z,java-native,1769,1m,cold,390.62,459,459,97,11310a62-67c8-4ee8-9b0b-d0bc2d209f12
2026-04-29T11:18:06Z,java-native,1769,1m,cold,384.49,454,454,95,4994fbca-03dc-4b7d-92b2-f52f921a97a8
2026-04-29T11:18:14Z,java-native,1769,1m,cold,384.98,447,447,97,0b2d434d-d622-4488-8851-333ba3ddcaf4
2026-04-29T11:18:21Z,java-native,1769,1m,cold,386.01,437,437,95,24fcdc87-9571-4a91-b4f6-94121ab03890
2026-04-29T11:18:29Z,java-native,1769,1m,cold,386.52,441,441,97,eb62a707-9fd3-4015-9c9f-6ed706f2ad39
2026-04-29T11:18:37Z,java-native,1769,1m,cold,395.05,457,457,97,1180ebae-ffcd-4318-8cc2-9c08ce6ef701
2026-04-29T11:18:45Z,java-native,1769,1m,cold,380.21,439,439,97,e0c4c4cc-fc68-4631-9b74-4b7a1b90ea2a
2026-04-29T11:18:53Z,java-native,1769,1m,cold,379.75,430,430,97,69651ecd-f56b-41af-a6c7-4d6f3e89d3b3
2026-04-29T11:19:01Z,java-native,1769,1m,cold,382.17,449,449,97,f5400c05-524a-4f47-b119-4f2c8d6e89f2
2026-04-29T11:19:09Z,java-native,1769,1m,cold,372.80,433,433,97,34a791b3-3eb0-4316-8e9f-3c618bc909ff
2026-04-29T11:19:16Z,java-native,1769,1m,cold,400.20,470,470,95,58ae8d33-2c42-45a9-9128-0ced815ed56e
2026-04-29T11:19:24Z,java-native,1769,1m,cold,376.99,441,441,97,075b457a-6cde-4cc6-a4c6-125fa0157030
2026-04-29T11:19:32Z,java-native,1769,1m,cold,377.84,432,432,97,0b8bc436-c14a-4034-996b-579fe906f4c4
2026-04-29T11:19:40Z,java-native,1769,1m,cold,516.38,587,587,97,8d052d16-3553-47ec-b2ef-0fdf01b7b674
2026-04-29T11:19:48Z,java-native,1769,1m,cold,384.34,441,441,97,661cc5df-ab9a-46d0-8284-70fcfc64ad04
2026-04-29T11:19:56Z,java-native,1769,1m,cold,391.36,445,445,97,bd1870b2-1074-438e-91a3-90d4cd7108db
2026-04-29T11:20:04Z,java-native,1769,1m,cold,392.43,465,465,97,cca72bfd-79e1-43ea-a5e1-fe411cb461b9
2026-04-29T11:20:12Z,java-native,1769,1m,cold,385.45,457,457,97,66f92344-69d3-47b1-8c74-d388ce22d857
2026-04-29T11:20:20Z,java-native,1769,1m,cold,378.70,449,449,97,66bf1573-f979-4c48-b307-7103124f9b59
2026-04-29T11:20:28Z,java-native,1769,1m,cold,383.76,436,436,97,fab934a5-e08d-4710-b09f-ffdc7aa0c1a8
2026-04-29T11:20:35Z,java-native,1769,1m,cold,375.90,440,440,97,a811105a-64ac-47b1-a4f1-354c07cddf16
2026-04-29T11:20:43Z,java-native,1769,1m,cold,384.02,440,440,97,c986ebb2-ca4a-4907-9d31-767ac62230a8
2026-04-29T11:20:51Z,java-native,1769,1m,cold,377.12,444,444,97,b9e03653-2681-4316-ab54-b9fea7848e6c
2026-04-29T11:20:59Z,java-native,1769,1m,cold,383.51,449,449,97,1ab513b7-5af3-42d4-a7cb-668c62b4fde4
2026-04-29T11:21:07Z,java-native,1769,1m,cold,377.82,432,432,97,9a5bfd25-cbb7-4322-ab64-8dc1e6f6da4a
2026-04-29T11:21:15Z,java-native,1769,1m,cold,389.94,455,455,97,f35f2310-ab20-4441-9760-6bc8779f132e
2026-04-29T11:21:23Z,java-native,1769,1m,cold,377.87,438,438,95,c1f68d77-2751-4240-b0bc-24cc477df6cb
2026-04-29T11:21:31Z,java-native,1769,1m,cold,387.66,458,458,97,2b7ac094-8dca-402e-8ad8-dfc00b3ddc46
2026-04-29T11:21:38Z,java-native,1769,1m,cold,379.99,438,438,95,710805e4-3a01-4b90-904f-93242cb0eb0e
2026-04-29T11:21:46Z,java-native,1769,1m,cold,386.66,439,439,97,c5d1e03a-4336-499c-aa0e-c44aaca5cae9
2026-04-29T11:21:54Z,java-native,1769,1m,cold,511.01,582,582,97,da260f24-8dec-4b99-866f-14446867057f
2026-04-29T11:22:02Z,java-native,1769,1m,cold,386.67,460,460,97,71130dc1-9045-46ef-859e-5b87b1d7476b
2026-04-29T11:22:10Z,java-native,1769,1m,cold,390.26,463,463,97,bb13622a-ec54-4a74-a265-3e4dfbae222d
2026-04-29T11:22:18Z,java-native,1769,1m,cold,389.17,455,455,97,41cfba02-e0d2-4b01-b650-0a9d4239df50
2026-04-29T11:22:26Z,java-native,1769,1m,cold,516.11,592,592,97,e6eaca65-88db-4a68-9018-1cc0006a1ebc
2026-04-29T11:22:34Z,java-native,1769,1m,cold,374.12,434,434,95,6cf6fe9a-0402-42d6-8fcd-eceec07d5532
2026-04-29T11:22:41Z,java-native,1769,1m,cold,397.51,459,459,95,acf0cead-d33e-4904-ab57-761a193f5b2e
2026-04-29T11:22:49Z,java-native,1769,1m,cold,379.62,456,456,97,c0bb6a7e-24af-4d89-9c26-5a44450e7c2a
2026-04-29T11:22:57Z,java-native,1769,1m,cold,378.33,440,440,95,3fe94ca0-cb7c-49fb-bf0b-9cc83b188863
2026-04-29T11:23:05Z,java-native,1769,1m,cold,531.24,593,593,97,8cc9ce21-6dcc-4b31-88b7-ec785849de7f
2026-04-29T11:23:13Z,java-native,1769,1m,cold,399.96,459,459,97,a4237296-cdf6-4b9e-960b-ecc44e88bf12
2026-04-29T11:23:21Z,java-native,1769,1m,cold,379.59,442,442,97,322a45f6-2b24-44eb-bc9c-adffea62ad24
2026-04-29T11:23:28Z,java-native,1769,1m,cold,375.79,442,442,95,6809bae5-80c8-4bcf-b62e-a47b1890b84e
2026-04-29T11:23:36Z,java-native,1769,1m,cold,387.31,447,447,95,8ebda06e-64de-4623-a112-2d8c88a582f9
2026-04-29T11:23:44Z,java-native,1769,1m,cold,389.43,464,464,97,ab3a7cb9-537b-4acd-9cb3-cbdc744125d1
2026-04-29T11:23:47Z,java-native,1769,1m,warm,,34,34,113,ff02929f-6c9f-44b2-9832-0b2a60206373
2026-04-29T11:23:47Z,java-native,1769,1m,warm,,30,30,118,3abc0363-4126-481e-9f35-cce2f4026142
2026-04-29T11:23:48Z,java-native,1769,1m,warm,,30,30,124,d8e4d518-c674-47e7-897c-4f3e57d945f4
2026-04-29T11:23:49Z,java-native,1769,1m,warm,,31,31,129,77acfae5-4a40-497c-85c2-ea25074e5ad3
2026-04-29T11:23:50Z,java-native,1769,1m,warm,,28,28,134,672e9ae0-e028-43c7-b86c-48813402aedc
2026-04-29T11:23:50Z,java-native,1769,1m,warm,,47,47,139,134fe174-d9ad-4e85-967d-4bb35878e9f3
2026-04-29T11:23:51Z,java-native,1769,1m,warm,,27,27,139,71ab1973-023f-4b9c-9a67-4aeef20d762f
2026-04-29T11:23:52Z,java-native,1769,1m,warm,,26,26,139,455bdffc-0f15-4f6a-b165-e91668cddf37
2026-04-29T11:23:53Z,java-native,1769,1m,warm,,26,26,139,1ebaec72-c6b4-459d-82f8-bcee78365581
2026-04-29T11:23:53Z,java-native,1769,1m,warm,,28,28,139,48bfd6ce-7ca3-4c03-9b1e-a1821700dde5
2026-04-29T11:23:54Z,java-native,1769,1m,warm,,28,28,139,e12ba3f6-662c-4609-b7e1-18f5f0e07feb
2026-04-29T11:23:55Z,java-native,1769,1m,warm,,27,27,139,9ee73675-6c3a-4000-bfe9-1c2123a01a8d
2026-04-29T11:23:56Z,java-native,1769,1m,warm,,23,23,139,2bb527b3-c95d-4d7e-9135-c50463904608
2026-04-29T11:23:56Z,java-native,1769,1m,warm,,28,28,139,3e303632-f925-4487-8753-d9062a905412
2026-04-29T11:23:57Z,java-native,1769,1m,warm,,33,33,142,5fb606be-b7b5-4e50-827c-459908e2999b
2026-04-29T11:23:58Z,java-native,1769,1m,warm,,24,24,142,5b4112f4-a142-472c-bd20-73f7c910ca62
2026-04-29T11:23:59Z,java-native,1769,1m,warm,,26,26,142,96ed2a59-0e24-409c-8534-4d6a499f3287
2026-04-29T11:23:59Z,java-native,1769,1m,warm,,24,24,142,22b0bde4-7224-444e-b9a6-779f20275f39
2026-04-29T11:24:00Z,java-native,1769,1m,warm,,26,26,142,786ec92d-aa6c-4886-af0e-d7e1ca086146
2026-04-29T11:24:01Z,java-native,1769,1m,warm,,30,30,142,77cf2c0d-48bd-4a12-a1d2-91a2f24fd447
2026-04-29T11:24:02Z,java-native,1769,1m,warm,,24,24,142,5e6ce3e6-7840-4b9e-ad6b-efa2027ab7a2
2026-04-29T11:24:02Z,java-native,1769,1m,warm,,25,25,142,8b64c1da-0a69-4ddf-81c9-d13957d3496c
2026-04-29T11:24:03Z,java-native,1769,1m,warm,,24,24,142,06a93846-a0c3-4dc3-8353-0a40eb69070a
2026-04-29T11:24:04Z,java-native,1769,1m,warm,,28,28,142,d0c98f98-7135-4c1b-86e2-02e63da38f03
2026-04-29T11:24:05Z,java-native,1769,1m,warm,,31,31,142,6cfc4441-0de1-422c-9b5e-d2b340fa3d42
2026-04-29T11:24:05Z,java-native,1769,1m,warm,,24,24,142,3fedf879-93ab-4373-85fe-187f9f45bda3
2026-04-29T11:24:06Z,java-native,1769,1m,warm,,27,27,142,9f4afbf3-3ac7-4b64-9c0c-f6a176ed1d65
2026-04-29T11:24:07Z,java-native,1769,1m,warm,,23,23,142,5aeaed64-27e0-4b0f-b187-ac3f395f6257
2026-04-29T11:24:08Z,java-native,1769,1m,warm,,27,27,142,876fb80d-d676-4b45-a720-2d2ddb701cb1
2026-04-29T11:24:08Z,java-native,1769,1m,warm,,28,28,142,2a2a1315-57b7-4978-8e93-62b68f000ef4
2026-04-29T11:24:09Z,java-native,1769,1m,warm,,23,23,142,147e50e7-3264-4be8-8978-38ca8804c757
2026-04-29T11:24:10Z,java-native,1769,1m,warm,,26,26,142,037db20d-1495-4016-9136-ac2e08c09e39
2026-04-29T11:24:11Z,java-native,1769,1m,warm,,25,25,142,bffd6ff7-2526-4027-9f5e-4f0766cc45c2
2026-04-29T11:24:11Z,java-native,1769,1m,warm,,32,32,142,e97920a2-2197-4b89-a458-dae26a4451f4
2026-04-29T11:24:12Z,java-native,1769,1m,warm,,25,25,142,c912882d-60e9-4b06-afac-523dc3e6fa2a
2026-04-29T11:24:13Z,java-native,1769,1m,warm,,29,29,142,85a1379a-6878-43ca-9c91-89288ede1c94
2026-04-29T11:24:14Z,java-native,1769,1m,warm,,27,27,142,b28b7d75-9dd7-49f0-9ae5-80b885618454
2026-04-29T11:24:14Z,java-native,1769,1m,warm,,24,24,142,fd42b808-03a0-4de8-b2ce-f693d1ca89d4
2026-04-29T11:24:15Z,java-native,1769,1m,warm,,26,26,142,ab5b31c0-0d2e-47f6-8d6c-f21491446c42
2026-04-29T11:24:16Z,java-native,1769,1m,warm,,24,24,142,039d6ad0-2d11-4e00-805d-3278b70de322
2026-04-29T11:24:17Z,java-native,1769,1m,warm,,24,24,142,d25db367-678f-4bad-b41e-f65d134a0760
2026-04-29T11:24:17Z,java-native,1769,1m,warm,,24,24,142,68bd7da1-8557-429d-a4d4-0c075faeac96
2026-04-29T11:24:18Z,java-native,1769,1m,warm,,35,35,142,aa40bf18-0401-4a41-bd50-3af74173f3c7
2026-04-29T11:24:19Z,java-native,1769,1m,warm,,28,28,142,c924b4cd-4235-4aa7-9cd3-4e1998a8f146
2026-04-29T11:24:20Z,java-native,1769,1m,warm,,27,27,142,8c7e8d3e-36b2-427d-ac1f-ee065d2fdd95
2026-04-29T11:24:20Z,java-native,1769,1m,warm,,27,27,142,b2382fa5-2cc4-4567-bdf0-e60477674509
2026-04-29T11:24:21Z,java-native,1769,1m,warm,,26,26,142,891e9736-631e-4a56-837a-32bc14872a83
2026-04-29T11:24:22Z,java-native,1769,1m,warm,,25,25,142,af31d7d2-3b27-4a8b-ba5a-5d2fd682a887
2026-04-29T11:24:23Z,java-native,1769,1m,warm,,35,35,142,d9837fe9-18c1-437f-a1ca-b9aae7a9c011
2026-04-29T11:24:23Z,java-native,1769,1m,warm,,27,27,142,8b646a7d-4490-433f-813f-b6d870cf46ad
2026-04-29T11:24:31Z,node,512,1k,cold,314.23,526,526,108,1b7c5e22-5e3f-401f-9a8d-04a10bc21fd2
2026-04-29T11:24:39Z,node,512,1k,cold,304.80,503,503,104,b8b32543-37fc-4206-814a-515bdc9fdc3d
2026-04-29T11:24:47Z,node,512,1k,cold,317.74,522,522,106,68093742-9335-45f9-a717-61aa051e446c
2026-04-29T11:24:54Z,node,512,1k,cold,314.64,530,530,106,6ff731b8-034b-4e7c-9300-ad9827384eac
2026-04-29T11:25:02Z,node,512,1k,cold,319.94,546,546,105,df5037e1-7166-466c-853d-6397da9437a7
2026-04-29T11:25:10Z,node,512,1k,cold,298.59,514,514,107,e30c31e0-10db-4743-a17b-018122bcbd7e
2026-04-29T11:25:17Z,node,512,1k,cold,325.25,531,531,106,b83d1871-f282-429c-ac6c-21976464c333
2026-04-29T11:25:25Z,node,512,1k,cold,404.23,633,633,106,5542d80f-841d-4989-8469-025c1f004f7f
2026-04-29T11:25:33Z,node,512,1k,cold,385.36,631,631,105,5e948578-ad52-4fdf-a635-4eac138834ec
2026-04-29T11:25:41Z,node,512,1k,cold,425.22,669,669,108,75156220-d43c-4fec-a394-858eeef01ba6
2026-04-29T11:25:49Z,node,512,1k,cold,315.39,538,538,107,f30e4773-1432-4845-bd1a-2cc9ef43f64f
2026-04-29T11:25:56Z,node,512,1k,cold,313.77,530,530,106,6abd3d2b-79c5-4f99-866d-048600bea36a
2026-04-29T11:26:04Z,node,512,1k,cold,323.09,540,540,108,35ced62e-d3f2-471f-b325-dadc037f2e64
2026-04-29T11:26:11Z,node,512,1k,cold,320.79,545,545,104,ef9fff1e-2725-4f0d-a128-238ecd01fb10
2026-04-29T11:26:19Z,node,512,1k,cold,393.37,620,620,106,c135e842-9090-4d68-8865-0a48d3a3af10
2026-04-29T11:26:27Z,node,512,1k,cold,385.08,612,612,104,122be9a9-02d7-4fa3-b7d9-1dbc0d57bbee
2026-04-29T11:26:35Z,node,512,1k,cold,389.93,629,629,107,d518a69c-e7fd-438a-8854-463a9a4bcd08
2026-04-29T11:26:42Z,node,512,1k,cold,392.52,617,617,104,fef7e47b-e091-4b28-a61d-e6f718a166a9
2026-04-29T11:26:50Z,node,512,1k,cold,306.13,531,531,109,8fba1604-6d7b-417a-a0de-d56fe8d7044c
2026-04-29T11:26:58Z,node,512,1k,cold,314.11,537,537,104,abc5b21f-7ab9-4557-9b04-a910b2987898
2026-04-29T11:27:05Z,node,512,1k,cold,344.25,572,572,107,ee0ae5ad-569c-4d21-9afb-7265ce0ddbd8
2026-04-29T11:27:13Z,node,512,1k,cold,313.75,537,537,108,8710809a-9520-4873-b348-9ac1ab53e068
2026-04-29T11:27:21Z,node,512,1k,cold,396.33,649,649,107,27226c5c-a4e8-42ba-908f-6f95f05f676d
2026-04-29T11:27:28Z,node,512,1k,cold,377.99,618,618,104,6a452d4d-eaef-4a90-b07b-872c9aa42742
2026-04-29T11:27:36Z,node,512,1k,cold,312.86,541,541,106,bd91c0ae-5568-46f3-b3d0-ad79b1bf86f5
2026-04-29T11:27:44Z,node,512,1k,cold,393.74,630,630,104,87d0f0de-3660-4968-af82-c79681b8c205
2026-04-29T11:27:52Z,node,512,1k,cold,310.43,526,526,105,9b3bcd7e-d519-4db0-bb38-e06e6466b8de
2026-04-29T11:27:59Z,node,512,1k,cold,310.95,529,529,106,7180387b-11b5-435b-b615-0e750f6e5fce
2026-04-29T11:28:07Z,node,512,1k,cold,324.94,542,542,104,3ed5067a-fbd2-492a-b439-ebca732c52bf
2026-04-29T11:28:15Z,node,512,1k,cold,309.75,525,525,104,1ca36525-b0df-42f7-8fcc-86a0ef682231
2026-04-29T11:28:23Z,node,512,1k,cold,338.58,555,555,107,1e253f87-0d1d-41bd-949c-1b1749c14a44
2026-04-29T11:28:30Z,node,512,1k,cold,324.00,558,558,105,b7223b11-5066-4055-be2b-c8845ab28423
2026-04-29T11:28:38Z,node,512,1k,cold,400.47,645,645,104,72e93765-75d0-4058-8924-082729278d25
2026-04-29T11:28:46Z,node,512,1k,cold,371.66,604,604,104,3b5d5fc2-f6e1-4a6c-9bc7-a75292e3ac16
2026-04-29T11:28:54Z,node,512,1k,cold,311.71,532,532,107,2dd65a56-c3ac-4b8f-867f-f26279c04569
2026-04-29T11:29:01Z,node,512,1k,cold,328.27,534,534,107,b5b7d397-d2de-428e-8a95-d8ac004c4388
2026-04-29T11:29:09Z,node,512,1k,cold,316.72,535,535,106,75dd2136-9d93-48f9-832f-aeb9eaa5e805
2026-04-29T11:29:17Z,node,512,1k,cold,341.06,576,576,107,810ab5a0-e0b8-4d28-9d74-7372dbbb82ac
2026-04-29T11:29:25Z,node,512,1k,cold,305.93,515,515,106,5abd9650-7ef7-4997-b91a-82827aa3331f
2026-04-29T11:29:32Z,node,512,1k,cold,415.50,655,655,104,07e71d1f-57f7-4120-b485-417a3c30180c
2026-04-29T11:29:40Z,node,512,1k,cold,375.82,601,601,104,b16ea617-2a44-4893-8aca-a103adeb1d53
2026-04-29T11:29:48Z,node,512,1k,cold,386.29,611,611,107,d27ea210-b2fa-4769-8215-3d6a21571cfb
2026-04-29T11:29:55Z,node,512,1k,cold,306.61,510,510,107,2d5c8e84-efad-4c7c-9308-d426a49655a5
2026-04-29T11:30:03Z,node,512,1k,cold,297.98,489,489,104,d34a6865-9b41-4ddc-8c1d-62d5e84add03
2026-04-29T11:30:11Z,node,512,1k,cold,396.48,641,641,104,8d8adf1b-5f56-4584-af3f-bd5614138fdf
2026-04-29T11:30:19Z,node,512,1k,cold,314.32,522,522,104,e2b671ac-1905-4689-aaf0-80395ddff5d5
2026-04-29T11:30:26Z,node,512,1k,cold,308.05,532,532,106,c2d0a21a-8a47-4fbb-97bf-3fc51684aab7
2026-04-29T11:30:34Z,node,512,1k,cold,315.22,543,543,106,b6d78e30-2619-4c29-811b-cf3ccfb7ed76
2026-04-29T11:30:41Z,node,512,1k,cold,314.05,523,523,106,2d1f9f3a-8d40-4a3b-a3d0-555bfd638b2d
2026-04-29T11:30:49Z,node,512,1k,cold,311.52,530,530,104,7f16fa54-cfe5-4ef5-8731-28659fe0e53a
2026-04-29T11:30:51Z,node,512,1k,warm,,11,11,105,6378d946-6b47-44b7-99fb-7142dca2dd8f
2026-04-29T11:30:51Z,node,512,1k,warm,,26,26,105,170da258-f729-4932-a355-4ef66442ba84
2026-04-29T11:30:52Z,node,512,1k,warm,,11,11,105,8654ec95-e59e-47a2-af57-d971fd8ae8f8
2026-04-29T11:30:52Z,node,512,1k,warm,,10,10,107,7658ccaa-d359-4ca3-a693-81d2a5c88a72
2026-04-29T11:30:53Z,node,512,1k,warm,,9,9,107,009302c8-e11a-4994-b8ad-cf23b6ccce4f
2026-04-29T11:30:53Z,node,512,1k,warm,,19,19,107,27d60ca9-2938-4c72-8851-f09db9318131
2026-04-29T11:30:54Z,node,512,1k,warm,,10,10,107,636cc8e2-2456-4eff-b42d-5e8265ca46bb
2026-04-29T11:30:55Z,node,512,1k,warm,,10,10,107,63810f36-5997-4312-8384-c53c88a4da6b
2026-04-29T11:30:55Z,node,512,1k,warm,,9,9,107,e094a023-1d60-42b5-b45d-285120ff011b
2026-04-29T11:30:56Z,node,512,1k,warm,,10,10,107,7947b196-c2c4-4d3a-8c95-0e9b30ae70c8
2026-04-29T11:30:56Z,node,512,1k,warm,,11,11,107,e5dbebca-c1a1-4f0a-9c1b-effe79fc80be
2026-04-29T11:30:57Z,node,512,1k,warm,,10,10,107,37108cf1-bbab-4fa3-9d4d-18750a45cbf7
2026-04-29T11:30:57Z,node,512,1k,warm,,11,11,107,0c7c1e82-52ff-4847-9ce1-5abf2a1ae4ae
2026-04-29T11:30:58Z,node,512,1k,warm,,16,16,107,e43442c9-0431-42a3-973a-25f8ea944f32
2026-04-29T11:30:59Z,node,512,1k,warm,,10,10,107,3fa28e3f-3dbd-450a-ac38-aae10f2eec7a
2026-04-29T11:30:59Z,node,512,1k,warm,,9,9,107,0359f3d3-78a0-4c66-b7df-4b2401759ac8
2026-04-29T11:31:00Z,node,512,1k,warm,,19,19,107,6a088f96-e16f-4d70-a322-c9a04e197480
2026-04-29T11:31:00Z,node,512,1k,warm,,8,8,107,305edd6e-c3a4-4414-b2a4-7e6eb476a933
2026-04-29T11:31:01Z,node,512,1k,warm,,10,10,107,d2d69daf-d90a-4c93-952a-16f8460e381b
2026-04-29T11:31:01Z,node,512,1k,warm,,10,10,107,09cd6896-98a3-47d4-a512-79cc982cc035
2026-04-29T11:31:02Z,node,512,1k,warm,,10,10,107,263d6331-8951-44d1-b761-c091f4f44dee
2026-04-29T11:31:02Z,node,512,1k,warm,,9,9,107,ac8b325e-59ef-4978-a229-2d3ebd9fea5d
2026-04-29T11:31:03Z,node,512,1k,warm,,11,11,107,f23b6387-5781-472f-8767-328c104b582e
2026-04-29T11:31:03Z,node,512,1k,warm,,8,8,107,d2b8c6b1-877f-48b9-8e47-7c41894f1e6d
2026-04-29T11:31:04Z,node,512,1k,warm,,9,9,107,ed27cdbe-c2a7-42e0-ab14-148a95941693
2026-04-29T11:31:05Z,node,512,1k,warm,,9,9,107,7fb28c32-6b96-4717-83d9-ec1ef17e6b12
2026-04-29T11:31:05Z,node,512,1k,warm,,9,9,107,477bb511-b491-4fc1-93bc-a76c4c67210f
2026-04-29T11:31:06Z,node,512,1k,warm,,10,10,107,8464e572-71ac-46df-9947-e70024f26826
2026-04-29T11:31:06Z,node,512,1k,warm,,11,11,108,73bb093d-418f-4a3e-a8b8-75068beb9e94
2026-04-29T11:31:07Z,node,512,1k,warm,,9,9,108,746cbe1a-2aa7-4e43-b33d-a2e9e3e6f5fe
2026-04-29T11:31:07Z,node,512,1k,warm,,10,10,108,2b0d15ce-5fdd-454c-b25a-c4e2d53d9164
2026-04-29T11:31:08Z,node,512,1k,warm,,11,11,108,857e181f-bdfb-415f-af03-5a3ba4d84dc0
2026-04-29T11:31:09Z,node,512,1k,warm,,10,10,108,845a0b55-0ee5-480f-8426-09c911ae93f9
2026-04-29T11:31:09Z,node,512,1k,warm,,9,9,108,d7461613-91e3-4a57-8f72-8ab47de659cc
2026-04-29T11:31:10Z,node,512,1k,warm,,9,9,108,4089de23-5c86-4f29-be2e-c1f9030105ea
2026-04-29T11:31:10Z,node,512,1k,warm,,10,10,108,1dc8e57c-eb4d-4d77-8209-4560acef3ea4
2026-04-29T11:31:11Z,node,512,1k,warm,,9,9,108,793992fa-1bf3-412d-a256-94e2c643a0d1
2026-04-29T11:31:11Z,node,512,1k,warm,,9,9,108,ff5aed78-560e-4e8b-8c23-505dbfecf14c
2026-04-29T11:31:12Z,node,512,1k,warm,,10,10,108,81374722-0c13-4d6a-bcba-96a222752cc9
2026-04-29T11:31:13Z,node,512,1k,warm,,9,9,108,f72140f5-d4d3-4e43-baf7-0b029d05a56c
2026-04-29T11:31:13Z,node,512,1k,warm,,10,10,108,953d0421-42d3-44f9-a7bd-e5600613aa00
2026-04-29T11:31:14Z,node,512,1k,warm,,13,13,108,6116e2e4-18e5-4888-be6f-a6a3dabafe3f
2026-04-29T11:31:14Z,node,512,1k,warm,,9,9,108,b38a0284-ab0f-4748-ab87-2ef6f365a7f3
2026-04-29T11:31:15Z,node,512,1k,warm,,9,9,108,0fa6a49e-3319-4495-bcf9-14bdeff33122
2026-04-29T11:31:15Z,node,512,1k,warm,,9,9,108,37e89f05-6d0e-491b-9e96-e2408ef4a557
2026-04-29T11:31:16Z,node,512,1k,warm,,9,9,108,ee824174-564d-42e3-95bc-db31fe13dff0
2026-04-29T11:31:16Z,node,512,1k,warm,,10,10,108,b97db244-700e-4598-8378-15c728ac1a5b
2026-04-29T11:31:17Z,node,512,1k,warm,,10,10,108,056b17aa-fcb6-4987-95b5-52f54732591f
2026-04-29T11:31:18Z,node,512,1k,warm,,9,9,108,36e96d33-2b9c-4ba0-9d74-411d670a174b
2026-04-29T11:31:18Z,node,512,1k,warm,,8,8,108,6d42e763-cf4f-4e98-8865-7d28942dc815
2026-04-29T11:31:26Z,node,512,100k,cold,428.82,656,656,106,ff9cdd4f-6ae4-44f3-9edc-47f726018eb3
2026-04-29T11:31:34Z,node,512,100k,cold,311.72,531,531,105,746d311f-1891-4848-a6bb-45831a5b77b4
2026-04-29T11:31:41Z,node,512,100k,cold,312.83,539,539,107,25bd940b-0bd3-434f-9198-f46eaa18fb2d
2026-04-29T11:31:49Z,node,512,100k,cold,303.04,527,527,108,5b80e99a-9a67-4841-9cd0-7fe02dad2633
2026-04-29T11:31:56Z,node,512,100k,cold,294.36,487,487,106,e99f4435-6157-416b-979b-bcef9c0aed2e
2026-04-29T11:32:04Z,node,512,100k,cold,389.35,628,628,105,a706335e-6734-46f3-a0d0-66bef9967938
2026-04-29T11:32:12Z,node,512,100k,cold,314.61,537,537,107,05ee3b66-5251-4bbb-beb4-138354f4fdce
2026-04-29T11:32:20Z,node,512,100k,cold,399.20,638,638,107,b51691d9-c92b-4995-93f6-cfed1b206029
2026-04-29T11:32:27Z,node,512,100k,cold,385.44,597,597,105,4f176adf-3bcb-42c9-a510-48a9a1b308a6
2026-04-29T11:32:35Z,node,512,100k,cold,318.17,531,531,110,eed15099-86e6-46ba-934e-c98cdfb77814
2026-04-29T11:32:43Z,node,512,100k,cold,307.29,531,531,107,38b2b6bc-a82d-4eee-a459-829faa40cd1b
2026-04-29T11:32:51Z,node,512,100k,cold,394.57,636,636,105,2660d2f9-2e41-494f-98cc-6c9e5af43766
2026-04-29T11:32:58Z,node,512,100k,cold,379.54,614,614,103,07b081b6-90c6-47c4-87f3-b0d25f6fb732
2026-04-29T11:33:06Z,node,512,100k,cold,313.21,522,522,105,08d40210-caa6-48b6-b844-7804d3dbaedb
2026-04-29T11:33:14Z,node,512,100k,cold,307.06,535,535,105,80c83b77-557a-4e11-9264-bde55ea54683
2026-04-29T11:33:22Z,node,512,100k,cold,314.02,539,539,105,33dc2b23-3e22-47dd-a9c1-99e02ddc1e5b
2026-04-29T11:33:29Z,node,512,100k,cold,306.27,514,514,109,9ba2d643-84da-41bc-b1aa-66eabfdf9769
2026-04-29T11:33:37Z,node,512,100k,cold,314.14,525,525,105,e3d909f5-ef83-410b-b223-ed19ca366a73
2026-04-29T11:33:45Z,node,512,100k,cold,312.78,524,524,106,9112368f-5bad-4712-88a4-8379255a0df3
2026-04-29T11:33:53Z,node,512,100k,cold,318.40,542,542,105,74b9b018-e9f2-4c68-b3e3-2775ba73627a
2026-04-29T11:34:01Z,node,512,100k,cold,308.13,519,519,106,4f9c40b6-a1b4-4105-b62a-b62491db3feb
2026-04-29T11:34:08Z,node,512,100k,cold,315.88,542,542,105,daea9766-63d3-408c-957d-d7b1bb33942a
2026-04-29T11:34:16Z,node,512,100k,cold,320.28,533,533,107,7e4631e5-fa9b-4c25-ac74-a92f1e2445c5
2026-04-29T11:34:24Z,node,512,100k,cold,375.00,602,602,106,c18c5c6a-f92d-496c-b160-17382fef6d0f
2026-04-29T11:34:31Z,node,512,100k,cold,302.93,511,511,105,9854fc79-0dc2-4bd5-8c53-a6bce441deed
2026-04-29T11:34:39Z,node,512,100k,cold,387.97,614,614,108,d091fa15-00d6-4f66-82bd-bd62f5a2be44
2026-04-29T11:34:47Z,node,512,100k,cold,317.73,536,536,107,f15809f3-0d57-4fe3-aea6-16dd15540d64
2026-04-29T11:34:55Z,node,512,100k,cold,313.88,535,535,106,2d511da3-a824-41f1-880a-f1b62d2844a7
2026-04-29T11:35:03Z,node,512,100k,cold,318.61,553,553,107,635cc130-4d2c-45dd-a36b-3a8745479e19
2026-04-29T11:35:10Z,node,512,100k,cold,392.06,637,637,105,568dc945-7d06-43ae-883e-ae6cf57a13ef
2026-04-29T11:35:18Z,node,512,100k,cold,315.38,530,530,107,d10018b3-a8af-4e99-b569-90a5685ae595
2026-04-29T11:35:26Z,node,512,100k,cold,315.12,522,522,105,1e82d598-5c54-402f-bb4f-9195cab62c4b
2026-04-29T11:35:34Z,node,512,100k,cold,317.30,524,524,107,8ed2baec-c64f-4e5f-90ab-135b3a9f50b4
2026-04-29T11:35:42Z,node,512,100k,cold,307.39,505,505,109,5a408c0c-4eea-47ba-8091-460a4209643d
2026-04-29T11:35:49Z,node,512,100k,cold,317.26,536,536,106,b1f36898-25da-4f81-81ff-126d5b4bd91b
2026-04-29T11:35:57Z,node,512,100k,cold,315.92,524,524,105,5d823baf-64ef-4d83-9385-c1d58f6cd8ec
2026-04-29T11:36:05Z,node,512,100k,cold,325.06,546,546,105,a5ca8ed2-ac3a-49c1-b5e0-76185566172e
2026-04-29T11:36:12Z,node,512,100k,cold,400.31,634,634,106,3cce19d1-3100-46d8-8e01-89518ce30506
2026-04-29T11:36:20Z,node,512,100k,cold,314.24,525,525,105,f40a5d21-5cfe-4d17-b7cc-65114ff9ce6e
2026-04-29T11:36:28Z,node,512,100k,cold,310.57,531,531,105,31e64f81-12f5-471a-8bc4-f6358902297b
2026-04-29T11:36:35Z,node,512,100k,cold,328.77,556,556,107,3e6e58ca-7858-4b0e-ad3a-90410df2a658
2026-04-29T11:36:43Z,node,512,100k,cold,316.09,532,532,107,2fbc1a73-e91e-4c5b-ab6f-8e21fea51709
2026-04-29T11:36:51Z,node,512,100k,cold,307.41,519,519,105,e36261bd-139f-46d7-9e1c-302c77293c50
2026-04-29T11:36:59Z,node,512,100k,cold,389.77,608,608,107,c0bba437-a1e1-4a10-8cbd-61e6273808d8
2026-04-29T11:37:06Z,node,512,100k,cold,307.00,518,518,105,cc2cf336-73b7-4365-a2f1-c3a2d8691220
2026-04-29T11:37:14Z,node,512,100k,cold,313.39,551,551,105,f2d2674d-28ea-40ff-b03d-fb1a7b786282
2026-04-29T11:37:22Z,node,512,100k,cold,377.84,590,590,106,b1e22720-cdce-40de-a5e5-aa6b479aa08f
2026-04-29T11:37:29Z,node,512,100k,cold,302.88,526,526,105,8a8f146c-3f85-496e-b599-6920fa535ae6
2026-04-29T11:37:37Z,node,512,100k,cold,371.34,602,602,105,cae439e2-5efd-44ef-a0ed-01dfce104a6a
2026-04-29T11:37:45Z,node,512,100k,cold,389.30,629,629,108,26108b8a-c31c-48b1-a487-867090a284c2
2026-04-29T11:37:47Z,node,512,100k,warm,,26,26,112,5d0230a1-a69e-4ec0-8682-3dc0a6b9f2e2
2026-04-29T11:37:48Z,node,512,100k,warm,,64,64,112,89442e36-c36f-4999-a6e1-d1b7f62b0cb6
2026-04-29T11:37:48Z,node,512,100k,warm,,74,74,113,48692d94-2bcf-44e4-a7ea-33cbd68c9e51
2026-04-29T11:37:49Z,node,512,100k,warm,,11,11,113,8b5d0574-043f-4abb-88ec-cc8cb63123e5
2026-04-29T11:37:50Z,node,512,100k,warm,,10,10,113,782ea0a9-eb8e-4c4e-a40e-d91828d785e8
2026-04-29T11:37:50Z,node,512,100k,warm,,11,11,113,e5cc60ac-987a-440b-80d7-7eb7786ecb3f
2026-04-29T11:37:51Z,node,512,100k,warm,,13,13,113,8cd9ee46-2fac-4a76-ba0e-61c23792afda
2026-04-29T11:37:52Z,node,512,100k,warm,,10,10,115,c6143d31-f847-4d86-ae15-26b25e667be7
2026-04-29T11:37:52Z,node,512,100k,warm,,9,9,115,701458fb-8df7-48c5-93ee-dcd08a755ded
2026-04-29T11:37:53Z,node,512,100k,warm,,9,9,115,dee6b1a9-57a2-4296-a941-82e88c57c205
2026-04-29T11:37:53Z,node,512,100k,warm,,20,20,115,3e73d02d-98de-4bfb-83a5-c7fdd8e5aa6d
2026-04-29T11:37:54Z,node,512,100k,warm,,22,22,115,400abf72-0fd1-4ff5-aa43-386a0cd4de48
2026-04-29T11:37:55Z,node,512,100k,warm,,18,18,115,eb499563-36b4-4183-ae61-15e06e5ccfba
2026-04-29T11:37:55Z,node,512,100k,warm,,19,19,115,626579c0-b947-48fe-b685-bee6e42f4ea4
2026-04-29T11:37:56Z,node,512,100k,warm,,10,10,115,be0a27d9-72c4-4f15-bdcc-064f14ce87bb
2026-04-29T11:37:57Z,node,512,100k,warm,,10,10,115,13e55ad6-e4b4-477c-89e4-30308c7af8a0
2026-04-29T11:37:57Z,node,512,100k,warm,,19,19,115,e087865e-b854-4754-98d8-aa28afb0ceec
2026-04-29T11:37:58Z,node,512,100k,warm,,19,19,115,02eca54a-cada-4c0e-a59f-7c9e77e8d6d2
2026-04-29T11:37:58Z,node,512,100k,warm,,10,10,115,9b92a99c-7ae8-4a2f-9115-72cf660fd3cb
2026-04-29T11:37:59Z,node,512,100k,warm,,11,11,115,54d1047b-1a8a-4109-8d69-b27ff3ca75b1
2026-04-29T11:38:00Z,node,512,100k,warm,,16,16,115,fd42713e-65d8-4d87-8962-c958c6c27c8b
2026-04-29T11:38:00Z,node,512,100k,warm,,11,11,115,32c57996-8b60-450b-b33c-79e565805407
2026-04-29T11:38:01Z,node,512,100k,warm,,11,11,115,f8130434-0298-449c-956e-37129b4a1b73
2026-04-29T11:38:02Z,node,512,100k,warm,,10,10,115,73b5c1c0-328c-4540-b3ff-41c4205d2414
2026-04-29T11:38:02Z,node,512,100k,warm,,10,10,115,fb3dc36a-e3a7-4377-9408-d22fe9a1264b
2026-04-29T11:38:03Z,node,512,100k,warm,,15,15,115,b0ff8359-514d-4b75-9690-dec96c328b1a
2026-04-29T11:38:04Z,node,512,100k,warm,,11,11,115,2fc0f851-9775-40e0-abff-5221af7e93c3
2026-04-29T11:38:04Z,node,512,100k,warm,,11,11,115,75791470-4804-4254-b704-46f345fe7223
2026-04-29T11:38:05Z,node,512,100k,warm,,10,10,115,301757e3-6973-4282-a759-7db0c1b24e45
2026-04-29T11:38:05Z,node,512,100k,warm,,11,11,115,2cf4a2df-d58f-4d47-90e4-3a6cb1d77ad5
2026-04-29T11:38:06Z,node,512,100k,warm,,10,10,115,6a5d9e6a-bb7e-425d-882e-436b8ef926dd
2026-04-29T11:38:07Z,node,512,100k,warm,,10,10,115,1323b2b2-488b-4a0f-a956-9122965341fb
2026-04-29T11:38:07Z,node,512,100k,warm,,12,12,115,c8cbf9d0-7c63-4f36-882e-3d512237c411
2026-04-29T11:38:08Z,node,512,100k,warm,,16,16,115,bedb73c6-93c7-4a67-9247-e71f3b316da4
2026-04-29T11:38:09Z,node,512,100k,warm,,10,10,115,71afcbb5-ff38-4fd3-96b5-e56d289fd868
2026-04-29T11:38:09Z,node,512,100k,warm,,9,9,115,fa35f086-7b5e-4df5-8bd3-51daeaada9cd
2026-04-29T11:38:10Z,node,512,100k,warm,,10,10,115,b72120a5-7eee-4e2d-b252-78773012a0dd
2026-04-29T11:38:11Z,node,512,100k,warm,,10,10,115,cae136e7-2bbf-4fa4-b7fe-594430169385
2026-04-29T11:38:11Z,node,512,100k,warm,,18,18,115,9d70264c-6e92-4905-96db-077cb7a0641e
2026-04-29T11:38:12Z,node,512,100k,warm,,10,10,115,731e54d4-11df-4890-974a-a879c0480ccb
2026-04-29T11:38:12Z,node,512,100k,warm,,9,9,115,19e582bc-58a7-48a4-85f9-d3c71b915c3e
2026-04-29T11:38:13Z,node,512,100k,warm,,24,24,115,41ad0ecc-4324-4822-b516-f743175c935b
2026-04-29T11:38:14Z,node,512,100k,warm,,12,12,115,1649000a-cfbd-4efc-9e64-e8baeb423022
2026-04-29T11:38:14Z,node,512,100k,warm,,10,10,115,64a192f0-a4c2-4ce3-839e-5e75cf5b2b2a
2026-04-29T11:38:15Z,node,512,100k,warm,,11,11,115,c0751050-6cd8-44b3-ac15-fb82df176fcb
2026-04-29T11:38:15Z,node,512,100k,warm,,11,11,115,716303f1-2f85-4485-a8fb-915fc2070aac
2026-04-29T11:38:16Z,node,512,100k,warm,,11,11,115,460dd03f-7523-435e-944c-f4ce2cdcc116
2026-04-29T11:38:17Z,node,512,100k,warm,,18,18,115,e74f94a2-3aaa-43d0-9161-ca030310bd0d
2026-04-29T11:38:17Z,node,512,100k,warm,,12,12,116,2123c7b0-eec2-4aab-96af-fe45601a53db
2026-04-29T11:38:18Z,node,512,100k,warm,,11,11,117,683868a8-120c-4f50-84ef-eb39bdc063a9
2026-04-29T11:38:26Z,node,512,1m,cold,319.56,631,631,113,958d679d-5207-4897-bc20-7922b38b2340
2026-04-29T11:38:34Z,node,512,1m,cold,310.51,643,643,110,92da49cf-805e-4514-9538-39e7e4843d26
2026-04-29T11:38:42Z,node,512,1m,cold,313.18,600,600,110,f54e7d72-ab9c-46c4-958f-fec02f1691e2
2026-04-29T11:38:50Z,node,512,1m,cold,318.58,638,638,115,c5b8907d-015c-4533-8af5-b72e4094ccc7
2026-04-29T11:38:58Z,node,512,1m,cold,318.74,616,616,110,3eb241cb-29c7-4ef0-a7de-1450d032121d
2026-04-29T11:39:05Z,node,512,1m,cold,304.35,619,619,110,c1d96c5f-0df3-473a-ad5b-afc1f1d7a03a
2026-04-29T11:39:13Z,node,512,1m,cold,319.12,645,645,110,d57735cf-cd38-4cad-8aa9-eed6dea0aa40
2026-04-29T11:39:21Z,node,512,1m,cold,320.24,623,623,111,aa9875e9-6d45-4da5-bb93-84754484d2d5
2026-04-29T11:39:29Z,node,512,1m,cold,312.70,644,644,110,f8873410-9892-4afb-bd08-23bca1f60f0a
2026-04-29T11:39:37Z,node,512,1m,cold,312.52,641,641,110,ea497138-acf4-45be-b642-08128e485bc7
2026-04-29T11:39:45Z,node,512,1m,cold,378.04,738,738,111,9b6568d8-f654-46d8-893f-ab5d534664c6
2026-04-29T11:39:53Z,node,512,1m,cold,300.00,616,616,110,e137b4d7-82c7-4ece-90fd-3c516913ccb2
2026-04-29T11:40:01Z,node,512,1m,cold,343.80,647,647,110,abf8082e-bedf-42d5-80c4-ce61676e20f9
2026-04-29T11:40:09Z,node,512,1m,cold,310.61,642,642,110,76a1c05d-896c-4680-a091-ba9804f33396
2026-04-29T11:40:17Z,node,512,1m,cold,319.42,647,647,110,f4069c0e-502d-4503-8a66-75d03428dfc3
2026-04-29T11:40:25Z,node,512,1m,cold,322.46,650,650,113,3d12f3ea-289b-43fd-8f4d-7ee9b920ec92
2026-04-29T11:40:33Z,node,512,1m,cold,389.79,699,699,110,666178ac-5ec7-494a-bc44-1bc71961b839
2026-04-29T11:40:40Z,node,512,1m,cold,305.61,617,617,111,c5d7187d-0367-43bb-9ab0-c576b25cc6fd
2026-04-29T11:40:48Z,node,512,1m,cold,306.81,598,598,111,1a96b609-292c-45be-9bd9-f457fb2a11a5
2026-04-29T11:40:56Z,node,512,1m,cold,382.88,762,762,110,1dc193e6-bddb-4470-b5bd-dc400c3f171a
2026-04-29T11:41:04Z,node,512,1m,cold,393.74,687,687,112,fa09c903-2c6e-4dbb-96aa-0653ca8bba6a
2026-04-29T11:41:12Z,node,512,1m,cold,325.08,639,639,110,f7ba2cb1-1886-45ce-a5d5-c9f0deb855c8
2026-04-29T11:41:20Z,node,512,1m,cold,307.79,621,621,111,f3b15684-f955-4712-ada6-1dc89322340a
2026-04-29T11:41:28Z,node,512,1m,cold,329.13,619,619,113,0439d0e5-c8d0-4580-83c3-e43a96232066
2026-04-29T11:41:35Z,node,512,1m,cold,326.88,651,651,110,b166199b-f9ee-4f7d-8662-9d763aace70f
2026-04-29T11:41:43Z,node,512,1m,cold,390.70,748,748,110,e7a368cb-93c8-4e88-960c-afc71a7bd37b
2026-04-29T11:41:51Z,node,512,1m,cold,315.05,631,631,111,2818a95b-d9fd-4b84-b9ff-f3c48049c8c9
2026-04-29T11:41:59Z,node,512,1m,cold,309.11,635,635,110,cc297e61-5abc-415c-baea-22c49beb6e88
2026-04-29T11:42:07Z,node,512,1m,cold,393.62,788,788,110,c7d259a8-1ae5-44e8-bee4-9c9d0844be51
2026-04-29T11:42:15Z,node,512,1m,cold,307.63,615,615,111,c9749cf2-5852-4ca9-a39b-e3f2c7ce6024
2026-04-29T11:42:23Z,node,512,1m,cold,319.89,627,627,111,5e8bfa47-da5d-4f10-947b-5c8d84636e16
2026-04-29T11:42:30Z,node,512,1m,cold,314.77,641,641,112,71bbfc70-0056-4575-bc46-121812c257f6
2026-04-29T11:42:38Z,node,512,1m,cold,307.08,635,635,110,ee8fdcbb-172e-47ad-b4b6-253dc6a4ebd9
2026-04-29T11:42:46Z,node,512,1m,cold,386.43,698,698,110,ed6b64c1-0ae5-4807-9193-64d5574074d8
2026-04-29T11:42:54Z,node,512,1m,cold,382.45,726,726,111,a40054ed-2b94-4c0b-ad82-a561dd731031
2026-04-29T11:43:02Z,node,512,1m,cold,386.20,733,733,110,72e31c65-9d58-4628-be65-90bf407addc0
2026-04-29T11:43:10Z,node,512,1m,cold,399.02,796,796,112,03591c5c-6a50-4767-b304-8b5644a95c00
2026-04-29T11:43:18Z,node,512,1m,cold,315.47,599,599,113,825e5678-e355-43f3-b682-cc0a05a9faf9
2026-04-29T11:43:25Z,node,512,1m,cold,304.64,631,631,114,b110e050-5c7f-4cc9-acec-78eb595e58d8
2026-04-29T11:43:33Z,node,512,1m,cold,377.89,650,650,110,eb8e56e6-b48b-4b52-851c-afa8d158fd3c
2026-04-29T11:43:41Z,node,512,1m,cold,306.44,623,623,110,bf0d1a3b-f76d-4e3d-8f8e-7c6192e4cafd
2026-04-29T11:43:49Z,node,512,1m,cold,309.80,636,636,110,6f75ba2d-f8cc-48de-9325-fdb2a26662bb
2026-04-29T11:43:57Z,node,512,1m,cold,297.20,565,565,110,10509119-3750-4684-bac2-18ab39af5109
2026-04-29T11:44:05Z,node,512,1m,cold,322.05,678,678,112,e281899c-69cf-47b5-a740-128985af4fb7
2026-04-29T11:44:13Z,node,512,1m,cold,313.31,623,623,110,93a23e35-9db0-44af-b3ea-5b50773948de
2026-04-29T11:44:21Z,node,512,1m,cold,319.11,658,658,111,b7a5b641-1ddd-41ba-a133-fc1ff66e7a8d
2026-04-29T11:44:28Z,node,512,1m,cold,304.68,573,573,110,07754d16-3ed5-4afb-a736-7a54b65d34aa
2026-04-29T11:44:36Z,node,512,1m,cold,320.30,608,608,112,3b5b5bf2-5719-41a7-bc6c-9f208533783f
2026-04-29T11:44:44Z,node,512,1m,cold,359.48,655,655,111,a01670f6-aa5b-4350-95da-0fdd8c77b27b
2026-04-29T11:44:52Z,node,512,1m,cold,303.06,627,627,110,0e2dec43-ed46-405c-ba0b-ab333a4fb50a
2026-04-29T11:44:54Z,node,512,1m,warm,,120,120,120,d8d55f29-fc14-487a-a802-64f2152e2f49
2026-04-29T11:44:55Z,node,512,1m,warm,,48,48,120,4565079f-a8ee-402c-ad01-ae651c937ae8
2026-04-29T11:44:56Z,node,512,1m,warm,,32,32,121,2f8b8052-8611-40e7-a769-b931e896e25a
2026-04-29T11:44:57Z,node,512,1m,warm,,34,34,123,5b612677-961c-4f7d-9aae-96e701c603e0
2026-04-29T11:44:57Z,node,512,1m,warm,,74,74,123,6d3642a4-b205-4555-b98a-d500034df125
2026-04-29T11:44:58Z,node,512,1m,warm,,44,44,123,cdc077ab-de59-4082-aec8-ab08c7f42108
2026-04-29T11:44:59Z,node,512,1m,warm,,38,38,123,6dfb06c8-57e7-40d8-95cc-45ee0672ef67
2026-04-29T11:45:00Z,node,512,1m,warm,,46,46,126,d558ca48-13a7-4114-a4d5-c875493b0d8c
2026-04-29T11:45:01Z,node,512,1m,warm,,119,119,127,339e94ec-06d6-42c3-9e28-d379a673d90b
2026-04-29T11:45:01Z,node,512,1m,warm,,22,22,127,461e3dfa-a373-44fa-8c40-26cf94ced7ed
2026-04-29T11:45:02Z,node,512,1m,warm,,22,22,127,9342c7f5-82a9-4f3a-99f7-006fcb17c7d1
2026-04-29T11:45:03Z,node,512,1m,warm,,37,37,127,bdbefd1d-3abb-41d6-87d6-b8206efb2c3c
2026-04-29T11:45:04Z,node,512,1m,warm,,98,98,129,7cb5d9cb-1d2e-4719-ab5e-dd20321a7040
2026-04-29T11:45:05Z,node,512,1m,warm,,44,44,129,aee44790-4487-4889-9d48-e96641a7f332
2026-04-29T11:45:05Z,node,512,1m,warm,,38,38,129,3efbae95-4473-4432-88d0-af6f1d75e3c0
2026-04-29T11:45:06Z,node,512,1m,warm,,29,29,129,2af7fdaf-64a8-4880-a503-6707d339ae16
2026-04-29T11:45:07Z,node,512,1m,warm,,34,34,129,abae8389-f039-4bdd-96d8-9ad49b99b83f
2026-04-29T11:45:08Z,node,512,1m,warm,,99,99,132,330815dc-b585-4b41-868b-bc8497224a8e
2026-04-29T11:45:08Z,node,512,1m,warm,,40,40,132,5e68d192-0b6a-4236-94bb-11ee15c289a5
2026-04-29T11:45:09Z,node,512,1m,warm,,37,37,132,2654a1d2-3be5-475c-b244-63de8e9532f8
2026-04-29T11:45:10Z,node,512,1m,warm,,99,99,132,6160ca76-e138-4bee-bde0-83fd45622804
2026-04-29T11:45:11Z,node,512,1m,warm,,27,27,132,cd06f52e-3eb2-4129-9d9e-0fdcaa7f8329
2026-04-29T11:45:12Z,node,512,1m,warm,,31,31,132,d18564f6-a726-4283-b72e-e309a724309d
2026-04-29T11:45:12Z,node,512,1m,warm,,33,33,132,34d89226-7cfe-4378-95a0-c36cefe7f0a6
2026-04-29T11:45:13Z,node,512,1m,warm,,96,96,132,009752f1-dafd-4744-b800-5dcd26ee2b37
2026-04-29T11:45:14Z,node,512,1m,warm,,32,32,132,15629311-cfc4-4539-8230-273dfe44a234
2026-04-29T11:45:15Z,node,512,1m,warm,,32,32,132,ef7cc3fd-5d60-4218-8fce-463d06f39be9
2026-04-29T11:45:15Z,node,512,1m,warm,,24,24,132,7bb8a91b-611c-4bd3-a49f-945841ab0965
2026-04-29T11:45:16Z,node,512,1m,warm,,76,76,132,b99ad0ec-25ca-40a5-b014-5ae35926430a
2026-04-29T11:45:17Z,node,512,1m,warm,,46,46,132,21cfd7b5-529e-42df-b07c-d17ae279b971
2026-04-29T11:45:18Z,node,512,1m,warm,,28,28,132,8cb808b5-7064-463e-a1ac-7335943c20a2
2026-04-29T11:45:19Z,node,512,1m,warm,,119,119,134,03fd81ac-9485-4a69-97aa-564b4c8789f1
2026-04-29T11:45:19Z,node,512,1m,warm,,23,23,134,1d5962a6-a6a9-4af3-9d01-4cdb0330ad7c
2026-04-29T11:45:20Z,node,512,1m,warm,,29,29,134,c9020ec3-ef3c-4bb0-adf9-d405092d1a93
2026-04-29T11:45:21Z,node,512,1m,warm,,22,22,134,1defb5f4-9837-45ad-bb5c-a1f70eab7513
2026-04-29T11:45:22Z,node,512,1m,warm,,22,22,134,bf124d19-a831-452c-9c66-a0ee0eccab86
2026-04-29T11:45:23Z,node,512,1m,warm,,66,66,134,eda65e24-e566-4c17-b35b-82a57789421b
2026-04-29T11:45:23Z,node,512,1m,warm,,48,48,134,0de405a3-742a-48a7-b162-de9924f13cc8
2026-04-29T11:45:24Z,node,512,1m,warm,,19,19,134,185d4621-0f8f-4ff4-9357-af18f9dc4661
2026-04-29T11:45:25Z,node,512,1m,warm,,32,32,134,5d16da29-22e3-44ec-8e7f-4c8859a22042
2026-04-29T11:45:26Z,node,512,1m,warm,,32,32,134,0ab2276d-1b66-4012-b998-0f55c492a944
2026-04-29T11:45:27Z,node,512,1m,warm,,102,102,135,d36be56d-150c-481a-aa54-a68a54064b3c
2026-04-29T11:45:27Z,node,512,1m,warm,,29,29,135,196803e1-80a3-433e-a70b-f41295662a85
2026-04-29T11:45:28Z,node,512,1m,warm,,29,29,135,0b438e2d-e00d-40d3-9f52-e44681a6b3d1
2026-04-29T11:45:29Z,node,512,1m,warm,,30,30,135,de320094-5a2e-47d4-84bf-66d2c7a623d4
2026-04-29T11:45:30Z,node,512,1m,warm,,76,76,136,54a004f2-7a77-40ba-856c-0888cb18d214
2026-04-29T11:45:30Z,node,512,1m,warm,,30,30,136,164a5f12-1b1e-4b1d-b953-7d7248aaefa9
2026-04-29T11:45:31Z,node,512,1m,warm,,31,31,136,29c3bac8-a97b-416c-972a-20cf6de0f8b1
2026-04-29T11:45:32Z,node,512,1m,warm,,43,43,136,4b3d2c7e-6279-4a56-99aa-a2b723049bdf
2026-04-29T11:45:33Z,node,512,1m,warm,,104,104,139,1e2271c7-85b6-477a-ad67-973107c57101
2026-04-29T11:45:41Z,node,1024,1k,cold,320.71,428,428,104,c5950ee8-de51-4947-b582-7d5af394b0c1
2026-04-29T11:45:48Z,node,1024,1k,cold,307.42,416,416,107,ba6c4210-08f5-4e9f-b6fe-11539d391392
2026-04-29T11:45:56Z,node,1024,1k,cold,325.77,444,444,104,7d86aa20-a965-4355-a724-8f4d6f0a3a99
2026-04-29T11:46:03Z,node,1024,1k,cold,310.01,425,425,104,3a7aa4a4-9f74-409f-831b-6fd3d2a71669
2026-04-29T11:46:11Z,node,1024,1k,cold,374.95,496,496,105,bdc2e6a3-29c3-4499-bcc4-282fdbaa8091
2026-04-29T11:46:19Z,node,1024,1k,cold,346.89,473,473,104,3dd83dd8-0f55-48ee-bdae-f617b95fecd6
2026-04-29T11:46:27Z,node,1024,1k,cold,384.79,510,510,106,e6798c52-273a-471c-be37-22221d6bba82
2026-04-29T11:46:34Z,node,1024,1k,cold,306.84,421,421,104,3ff079c7-18cc-4feb-ada9-76a538d42f51
2026-04-29T11:46:42Z,node,1024,1k,cold,302.52,418,418,107,e94796a0-2e37-4adb-8a96-c2eb2f55b759
2026-04-29T11:46:49Z,node,1024,1k,cold,314.93,425,425,108,1cc6cb48-8061-49db-8acc-7b30f5e39151
2026-04-29T11:46:56Z,node,1024,1k,cold,310.88,424,424,106,e1978d6f-fe77-4e3c-8705-fd73029386a4
2026-04-29T11:47:04Z,node,1024,1k,cold,316.44,423,423,106,a11cf074-0690-4d09-90f2-a90535ce3d27
2026-04-29T11:47:11Z,node,1024,1k,cold,329.56,451,451,105,3fe87d8e-e5b2-456a-b85b-35f27bb0f1e7
2026-04-29T11:47:19Z,node,1024,1k,cold,315.66,432,432,106,5f47fbb6-bbc5-465f-8acf-745384bf635e
2026-04-29T11:47:26Z,node,1024,1k,cold,306.40,410,410,104,125a630e-c4cd-4c27-a595-0bba83fe959f
2026-04-29T11:47:34Z,node,1024,1k,cold,309.27,416,416,103,a5aac225-4519-4ee8-b2b3-89b7d7b04cb7
2026-04-29T11:47:41Z,node,1024,1k,cold,395.97,519,519,106,6d5a1bb4-5e43-42c5-930b-3518eb3243a4
2026-04-29T11:47:49Z,node,1024,1k,cold,322.14,430,430,107,4eb87041-fc75-4def-b59d-879d44cdc005
2026-04-29T11:47:56Z,node,1024,1k,cold,308.65,418,418,106,b3445dcf-d2af-44f3-8df8-7689a973f9b5
2026-04-29T11:48:03Z,node,1024,1k,cold,309.18,420,420,110,7d00f929-0d4c-4874-a3fb-29b551f9570b
2026-04-29T11:48:11Z,node,1024,1k,cold,310.35,423,423,104,db62d75b-45fb-4b17-9f5d-a1bd0ff1a307
2026-04-29T11:48:18Z,node,1024,1k,cold,312.40,432,432,105,1f6d970b-aac7-4bbb-83df-b6d40ddc252d
2026-04-29T11:48:26Z,node,1024,1k,cold,325.05,445,445,105,4f65feb7-225d-484d-a6c7-10ff950cbb97
2026-04-29T11:48:33Z,node,1024,1k,cold,310.48,421,421,104,850fcbc3-93e8-40d3-b365-4865b04b0401
2026-04-29T11:48:41Z,node,1024,1k,cold,315.63,435,435,105,79139aed-8653-41f5-8ab0-b47b6b5dffcf
2026-04-29T11:48:48Z,node,1024,1k,cold,310.13,415,415,106,e530cb82-d0b1-420b-aa3a-ef2afb584143
2026-04-29T11:48:55Z,node,1024,1k,cold,390.62,499,499,106,ce8fdb3e-fe60-446e-b4cd-4b931edeec05
2026-04-29T11:49:03Z,node,1024,1k,cold,311.70,423,423,104,f12a03e4-bd44-4084-907b-2b477cd07560
2026-04-29T11:49:10Z,node,1024,1k,cold,324.24,434,434,106,114513d7-9d34-4f43-825a-9265420944af
2026-04-29T11:49:18Z,node,1024,1k,cold,304.43,423,423,108,c50845b5-2716-4670-95ec-68f52a81cca7
2026-04-29T11:49:25Z,node,1024,1k,cold,330.24,463,463,108,580546b1-e057-4723-97ee-c901bc7299c3
2026-04-29T11:49:33Z,node,1024,1k,cold,303.74,420,420,104,9d1ca684-9621-4036-8386-be5d767aa23f
2026-04-29T11:49:40Z,node,1024,1k,cold,316.56,433,433,106,b86e0eb0-71a7-4fac-9a28-5182db7141fd
2026-04-29T11:49:47Z,node,1024,1k,cold,307.86,429,429,106,8784c195-dd1a-4c47-a2fe-8ce7db9ccb02
2026-04-29T11:49:55Z,node,1024,1k,cold,309.88,422,422,106,7ad1a5b0-8833-43a2-951b-dddae2a2fea8
2026-04-29T11:50:02Z,node,1024,1k,cold,314.95,418,418,106,cdd7af12-d6de-40e5-8591-21f1c763abdf
2026-04-29T11:50:10Z,node,1024,1k,cold,329.78,461,461,104,a322a983-12d5-4e04-9ed7-3fe58cff2f37
2026-04-29T11:50:17Z,node,1024,1k,cold,316.08,425,425,105,f74dcfba-d9a5-45ef-9007-4ae8a1caa28a
2026-04-29T11:50:24Z,node,1024,1k,cold,299.07,430,430,104,caddfec0-4a9b-4cc4-856d-adde3aacf4a5
2026-04-29T11:50:32Z,node,1024,1k,cold,385.12,504,504,107,e38fce9a-9d6f-4958-8cda-72f70cad6f77
2026-04-29T11:50:40Z,node,1024,1k,cold,389.91,512,512,108,1b2051f4-c8f9-424b-b3e9-c00af1454b4e
2026-04-29T11:50:47Z,node,1024,1k,cold,387.17,509,509,105,162b45f4-6c10-4fa1-ab1e-7389eb5a0523
2026-04-29T11:50:55Z,node,1024,1k,cold,326.99,441,441,106,2ee0b35f-0e36-47f2-a129-ff45099adeec
2026-04-29T11:51:02Z,node,1024,1k,cold,313.04,420,420,106,f522a567-572b-4e76-9ab4-380feb3b75e2
2026-04-29T11:51:10Z,node,1024,1k,cold,332.56,449,449,106,ad75f710-1e7f-47c6-97bc-ce0e26f47021
2026-04-29T11:51:17Z,node,1024,1k,cold,319.99,445,445,104,20aa7cf3-2340-4bb2-90a7-1f1f8b9a0f51
2026-04-29T11:51:24Z,node,1024,1k,cold,305.61,421,421,104,56f0766e-b1b4-431f-a024-d4545656dfd5
2026-04-29T11:51:32Z,node,1024,1k,cold,386.94,523,523,106,239fc2a2-e5c3-496f-a09a-f119d4d58664
2026-04-29T11:51:39Z,node,1024,1k,cold,312.98,420,420,105,e9206390-cdc1-41d8-8bff-a115f15a9a78
2026-04-29T11:51:47Z,node,1024,1k,cold,325.82,446,446,106,5ffb13f6-f2d7-4869-97f9-7e351a7261be
2026-04-29T11:51:49Z,node,1024,1k,warm,,12,12,107,85851366-edbe-4b4b-a523-b06f1926b778
2026-04-29T11:51:49Z,node,1024,1k,warm,,20,20,107,027da46e-185f-4e72-868d-87b4eb243a1b
2026-04-29T11:51:50Z,node,1024,1k,warm,,11,11,108,628b4aca-cc36-473e-bba0-533b84746208
2026-04-29T11:51:50Z,node,1024,1k,warm,,11,11,108,230463b5-d3ca-4506-918f-ae441a1091b1
2026-04-29T11:51:51Z,node,1024,1k,warm,,11,11,108,08211133-6126-4aa9-afd4-103ade478cbc
2026-04-29T11:51:51Z,node,1024,1k,warm,,11,11,109,5140951a-b93b-459a-8340-e20d9fd07adb
2026-04-29T11:51:52Z,node,1024,1k,warm,,11,11,109,469f38e9-cd54-45e5-8c44-7a30257fc7a2
2026-04-29T11:51:52Z,node,1024,1k,warm,,11,11,109,48d6b45a-9367-46e3-a377-d6e4cc03d5b6
2026-04-29T11:51:53Z,node,1024,1k,warm,,11,11,109,c93a2d76-e2a0-4b4b-97c1-725252fb3181
2026-04-29T11:51:54Z,node,1024,1k,warm,,11,11,109,2f9ff1f4-6c39-4b2e-908d-3102a62c278f
2026-04-29T11:51:54Z,node,1024,1k,warm,,11,11,109,5457eead-b913-49c6-a16d-f597a4fce8ec
2026-04-29T11:51:55Z,node,1024,1k,warm,,10,10,109,5beffa9d-44a1-4e69-9805-95b897f3e29c
2026-04-29T11:51:55Z,node,1024,1k,warm,,12,12,109,efff7eff-2c79-46f0-b141-9ec5ff6bd613
2026-04-29T11:51:56Z,node,1024,1k,warm,,11,11,109,eec64bfc-537c-4ee8-bb07-361aabf65a9d
2026-04-29T11:51:56Z,node,1024,1k,warm,,10,10,109,9ae992df-511b-44df-b6e9-cd792c7c77a1
2026-04-29T11:51:57Z,node,1024,1k,warm,,11,11,109,c25eda42-701b-4c1e-8e96-fa83fa1a072a
2026-04-29T11:51:57Z,node,1024,1k,warm,,10,10,111,2e1e1fc2-ad7e-4262-9f66-7b1476344053
2026-04-29T11:51:58Z,node,1024,1k,warm,,11,11,111,90ac0720-fe9f-4133-a6a6-c0227a576aa3
2026-04-29T11:51:59Z,node,1024,1k,warm,,11,11,111,21266ae1-124f-44cd-a456-cecf7aa94004
2026-04-29T11:51:59Z,node,1024,1k,warm,,10,10,111,7bab72d3-a096-4fd6-b654-fa781e3b9e25
2026-04-29T11:52:00Z,node,1024,1k,warm,,11,11,111,89e63af3-395b-4917-9385-f5857c944200
2026-04-29T11:52:01Z,node,1024,1k,warm,,10,10,111,0ed197c2-1535-458c-9198-70bfd4251cc3
2026-04-29T11:52:01Z,node,1024,1k,warm,,11,11,111,b6abc348-ebfc-45e6-a78b-c3d60ef7ce36
2026-04-29T11:52:02Z,node,1024,1k,warm,,11,11,111,c475681d-315e-491d-aa61-54c08ded1a7a
2026-04-29T11:52:03Z,node,1024,1k,warm,,10,10,111,1f79848e-79ca-454c-942d-780ed0ad8313
2026-04-29T11:52:03Z,node,1024,1k,warm,,10,10,111,5b7c8fc3-d824-4943-972f-23d1d84b9c7a
2026-04-29T11:52:04Z,node,1024,1k,warm,,15,15,111,735d6e21-d5d1-4c44-bf29-1579a5d3cba1
2026-04-29T11:52:04Z,node,1024,1k,warm,,10,10,111,30efeeb2-40c1-4456-a688-99c579f00c06
2026-04-29T11:52:05Z,node,1024,1k,warm,,11,11,111,0fa33c82-8236-46fa-9349-ea55ded6fd4f
2026-04-29T11:52:05Z,node,1024,1k,warm,,10,10,111,e2066ad5-6459-4211-846b-54d8acb3998d
2026-04-29T11:52:06Z,node,1024,1k,warm,,10,10,111,f6f129e1-5cf9-4929-ba79-9be30b7483b3
2026-04-29T11:52:06Z,node,1024,1k,warm,,11,11,111,74982a48-f47a-4534-ab41-e0b259fc7016
2026-04-29T11:52:07Z,node,1024,1k,warm,,11,11,111,be7d9d07-ceba-4375-83f7-f589fd5c4213
2026-04-29T11:52:07Z,node,1024,1k,warm,,11,11,111,b8c0c460-d7fd-4ee7-88e1-9e352879eb07
2026-04-29T11:52:08Z,node,1024,1k,warm,,10,10,111,ed45e841-973d-4b46-9aab-a83fd359207f
2026-04-29T11:52:09Z,node,1024,1k,warm,,11,11,111,1dd13616-de82-4971-85dd-9b7784a51b17
2026-04-29T11:52:09Z,node,1024,1k,warm,,11,11,111,835c3114-d80e-4e1b-b131-edda7f12c581
2026-04-29T11:52:10Z,node,1024,1k,warm,,12,12,111,16e2baae-e668-46f4-a43d-77adb6eff444
2026-04-29T11:52:10Z,node,1024,1k,warm,,11,11,111,c6d3dd61-ffb8-4aba-90ba-acc237383249
2026-04-29T11:52:11Z,node,1024,1k,warm,,11,11,111,5ff9a9f9-97e9-4d87-ad0a-ab8d69b28241
2026-04-29T11:52:11Z,node,1024,1k,warm,,11,11,111,55bbe042-208b-4865-b160-ffc02516f6f4
2026-04-29T11:52:12Z,node,1024,1k,warm,,11,11,111,3a50d7a9-5645-494a-80c1-468d2a44d36b
2026-04-29T11:52:12Z,node,1024,1k,warm,,12,12,111,207addb1-23d9-4e0e-98aa-0983a64e24b6
2026-04-29T11:52:13Z,node,1024,1k,warm,,10,10,111,514b7bea-0f24-403e-a627-7207ff7027b2
2026-04-29T11:52:14Z,node,1024,1k,warm,,11,11,111,f1eeda83-3504-453b-9a1f-e8f2ca440e92
2026-04-29T11:52:14Z,node,1024,1k,warm,,10,10,111,179419e7-fd36-4f36-9a35-47a03d5f21ce
2026-04-29T11:52:15Z,node,1024,1k,warm,,11,11,111,34ad47a6-d2e3-48ef-b6ef-d15448d535d4
2026-04-29T11:52:15Z,node,1024,1k,warm,,11,11,111,89ecc801-b0ac-4103-918b-b3729a558139
2026-04-29T11:52:16Z,node,1024,1k,warm,,11,11,111,f2a8554f-018f-4052-81c4-850ffb3df985
2026-04-29T11:52:16Z,node,1024,1k,warm,,11,11,111,e2dc954f-0e08-4d70-9987-9b22f0110679
2026-04-29T11:52:24Z,node,1024,100k,cold,305.43,417,417,106,188e952d-af36-482d-8b3b-8bd165fe3af6
2026-04-29T11:52:32Z,node,1024,100k,cold,390.21,523,523,106,8f4b2398-c109-49ce-8c08-bb1edeb71ecd
2026-04-29T11:52:39Z,node,1024,100k,cold,310.18,418,418,105,7f4ebccf-a79c-43e8-9e09-4f1e5406a7a2
2026-04-29T11:52:47Z,node,1024,100k,cold,299.49,413,413,105,3e921f3b-9264-4d7b-b022-e7a75b5a0c7e
2026-04-29T11:52:54Z,node,1024,100k,cold,314.05,431,431,106,10a59414-5812-410a-8b66-961571720736
2026-04-29T11:53:02Z,node,1024,100k,cold,324.50,434,434,105,a0b3e303-de20-479e-bf63-881c371c1a1c
2026-04-29T11:53:09Z,node,1024,100k,cold,307.29,430,430,105,3cf2cd95-7be0-4c6c-9bbd-42cae878199e
2026-04-29T11:53:17Z,node,1024,100k,cold,317.80,441,441,107,7577a959-418f-44eb-89b1-acdc6dfa6c9b
2026-04-29T11:53:24Z,node,1024,100k,cold,308.57,413,413,107,1466e091-a8a1-4e10-90f2-eaa785e62d69
2026-04-29T11:53:32Z,node,1024,100k,cold,387.22,514,514,107,a5e82127-0f35-4829-a54f-105fa6fde658
2026-04-29T11:53:39Z,node,1024,100k,cold,299.69,409,409,106,42c962f9-d91d-465e-b470-f8ce8d0fe5a2
2026-04-29T11:53:47Z,node,1024,100k,cold,387.01,522,522,104,db4b2ed9-a035-478e-aee2-bd9c665c1065
2026-04-29T11:53:55Z,node,1024,100k,cold,323.64,449,449,105,f1921964-22a9-4bea-a6f4-2ef3566abb55
2026-04-29T11:54:02Z,node,1024,100k,cold,317.03,435,435,105,a00408fe-f173-4aa8-a67e-241f0a8aa456
2026-04-29T11:54:10Z,node,1024,100k,cold,302.69,433,433,105,113d066d-71d4-4fa1-92a2-20f1715cc140
2026-04-29T11:54:17Z,node,1024,100k,cold,319.01,434,434,107,e90d1c9a-881a-4888-9eb0-eafbd980e0c6
2026-04-29T11:54:25Z,node,1024,100k,cold,438.96,563,563,107,0ed63e23-54a7-47f9-bba1-5dd92b7fdc18
2026-04-29T11:54:32Z,node,1024,100k,cold,305.44,426,426,106,b5dbacc4-dddc-4965-8d28-be8852df75fe
2026-04-29T11:54:40Z,node,1024,100k,cold,312.46,429,429,108,b93958ec-0143-420c-a05e-72e1703ef7b0
2026-04-29T11:54:48Z,node,1024,100k,cold,308.92,416,416,105,9f4df50d-328b-4d31-aa35-983774c79b80
2026-04-29T11:54:55Z,node,1024,100k,cold,387.83,514,514,105,71281f98-2a60-4909-a29a-f47d00502c2d
2026-04-29T11:55:03Z,node,1024,100k,cold,303.90,424,424,107,31128baf-84e5-4b8b-8e19-c52d00ed5868
2026-04-29T11:55:10Z,node,1024,100k,cold,296.96,411,411,107,76b3f03a-03cc-4892-8c89-cf28ffdd21f1
2026-04-29T11:55:18Z,node,1024,100k,cold,318.75,440,440,105,a6fec1dd-d19e-43b8-be38-50e426c0cfcb
2026-04-29T11:55:25Z,node,1024,100k,cold,307.75,431,431,105,ed52156d-dfda-49f8-8b57-3544367b11de
2026-04-29T11:55:33Z,node,1024,100k,cold,319.60,443,443,105,e501b266-ea29-4a1b-aba1-a2169fa6ded7
2026-04-29T11:55:40Z,node,1024,100k,cold,321.48,447,447,107,df591503-3711-4a57-b36c-db9efa745fb0
2026-04-29T11:55:48Z,node,1024,100k,cold,326.62,433,433,105,9f5c60f2-51db-46a6-8ac1-c0e67d576160
2026-04-29T11:55:55Z,node,1024,100k,cold,378.49,504,504,105,a943843a-072f-42ac-9e4e-75cd0527d45a
2026-04-29T11:56:03Z,node,1024,100k,cold,310.84,435,435,107,8c8910cc-a082-40c7-acfd-2d72c7650315
2026-04-29T11:56:11Z,node,1024,100k,cold,314.33,421,421,107,c483fd09-4438-4f7c-810f-e18cfd08e252
2026-04-29T11:56:18Z,node,1024,100k,cold,392.92,514,514,107,7509413c-b0ab-465a-98a5-df7d5a0050a9
2026-04-29T11:56:26Z,node,1024,100k,cold,306.70,423,423,105,876ea030-7030-4ac5-a638-c5ce3c69b079
2026-04-29T11:56:34Z,node,1024,100k,cold,311.61,440,440,106,41f3b515-e7c7-41f6-a3e1-ec8bc42bd7d9
2026-04-29T11:56:41Z,node,1024,100k,cold,303.10,416,416,105,18330c21-c258-4986-80c4-044ecda2aed0
2026-04-29T11:56:49Z,node,1024,100k,cold,309.89,419,419,107,3fff5c38-8b0f-491e-abd6-b11c08477919
2026-04-29T11:56:56Z,node,1024,100k,cold,374.79,511,511,105,6b8a8345-7dbe-453a-9db9-96e38bbc7f7d
2026-04-29T11:57:04Z,node,1024,100k,cold,380.18,502,502,107,13999d02-4a32-458f-8aba-8442b0092b11
2026-04-29T11:57:12Z,node,1024,100k,cold,393.24,530,530,106,f01dd1d4-5f8d-49e6-b955-3a9ddc6af43f
2026-04-29T11:57:19Z,node,1024,100k,cold,308.79,430,430,105,58e80f86-1766-4814-bb71-f7ecc9f42b44
2026-04-29T11:57:27Z,node,1024,100k,cold,318.71,428,428,107,720b598a-4236-4c97-86df-881d1df13d94
2026-04-29T11:57:34Z,node,1024,100k,cold,313.20,433,433,105,f8b47d7b-e4bb-4df1-9003-d614fc8042d8
2026-04-29T11:57:42Z,node,1024,100k,cold,372.84,499,499,105,dd02c15b-493b-4309-9e1b-775780202472
2026-04-29T11:57:50Z,node,1024,100k,cold,317.12,452,452,109,5a19403f-0b15-46d0-b8c2-fec6da84ee61
2026-04-29T11:57:57Z,node,1024,100k,cold,323.26,430,430,105,5274494c-bfbb-4142-9e97-94a2f2125470
2026-04-29T11:58:05Z,node,1024,100k,cold,314.42,434,434,105,ca47d5d8-5b2e-4f6d-8d9d-3c156dc15004
2026-04-29T11:58:12Z,node,1024,100k,cold,392.34,515,515,106,e5da24c5-04fe-41d7-9c8f-fbd6bb3de36d
2026-04-29T11:58:20Z,node,1024,100k,cold,307.16,429,429,107,79ffca5d-ead1-4ace-9547-99d22c3482c3
2026-04-29T11:58:28Z,node,1024,100k,cold,386.71,519,519,105,3c7d554d-56a0-4a0a-b32b-3730df824601
2026-04-29T11:58:35Z,node,1024,100k,cold,378.07,507,507,105,47ef428e-fe62-4880-9f07-d2c6f84e2194
2026-04-29T11:58:37Z,node,1024,100k,warm,,14,14,108,7a8fa6b2-1cf2-4733-8083-0be3161ebfc6
2026-04-29T11:58:38Z,node,1024,100k,warm,,17,17,109,4c1793bc-f845-4ab8-9b38-503a932ac689
2026-04-29T11:58:38Z,node,1024,100k,warm,,14,14,109,d9455216-dfd5-4b4a-8244-d96e92d48d49
2026-04-29T11:58:39Z,node,1024,100k,warm,,10,10,109,4d8ad16a-7cf3-4720-9a9e-28c40dcd9b37
2026-04-29T11:58:40Z,node,1024,100k,warm,,13,13,109,6ed19430-40cd-4763-88da-83815cc895d6
2026-04-29T11:58:40Z,node,1024,100k,warm,,11,11,109,a1ca4545-9d6b-4046-b673-ada14c948bdd
2026-04-29T11:58:41Z,node,1024,100k,warm,,14,14,110,8908b0d7-b463-4708-8e55-d742456a0f1c
2026-04-29T11:58:42Z,node,1024,100k,warm,,13,13,110,dd7fc310-41cc-48d4-b625-86eac289f72e
2026-04-29T11:58:42Z,node,1024,100k,warm,,10,10,110,a64f5fe6-314f-40da-bdc9-b0dcd527f3df
2026-04-29T11:58:43Z,node,1024,100k,warm,,12,12,110,1ebeb31b-356c-4d46-b970-c826e2074a3e
2026-04-29T11:58:44Z,node,1024,100k,warm,,12,12,110,8c659ea7-6d60-4d62-b2f7-7630a0bc5ac7
2026-04-29T11:58:44Z,node,1024,100k,warm,,10,10,110,814c5120-3ca3-47ef-bfed-fee1deab6320
2026-04-29T11:58:45Z,node,1024,100k,warm,,11,11,110,c7e42c9f-475d-4ec1-8a96-d2022e9cc6b2
2026-04-29T11:58:45Z,node,1024,100k,warm,,11,11,110,3614993b-fdaf-4159-b8d7-a3af750637e9
2026-04-29T11:58:46Z,node,1024,100k,warm,,10,10,110,e0f451cb-5498-480b-81c3-b645359001ff
2026-04-29T11:58:47Z,node,1024,100k,warm,,10,10,110,b2c21752-95fa-4d92-adeb-79bda98947ee
2026-04-29T11:58:47Z,node,1024,100k,warm,,12,12,110,93a4389f-742d-477b-9972-8007650c4bf4
2026-04-29T11:58:48Z,node,1024,100k,warm,,10,10,110,58ee7256-dc25-4092-9591-23604f7c250e
2026-04-29T11:58:49Z,node,1024,100k,warm,,10,10,110,243cc06c-a469-4c05-9b01-bb08f89919d4
2026-04-29T11:58:49Z,node,1024,100k,warm,,10,10,110,f32da6a8-3fbf-4007-b7e5-16ac0327788d
2026-04-29T11:58:50Z,node,1024,100k,warm,,10,10,110,64465df5-efb0-446a-a001-57d54759fdde
2026-04-29T11:58:50Z,node,1024,100k,warm,,11,11,110,a72a9068-4114-41e9-9449-d95000fd35eb
2026-04-29T11:58:51Z,node,1024,100k,warm,,11,11,110,d4ac68f9-26d9-44d8-bccf-8fadfa48fa30
2026-04-29T11:58:52Z,node,1024,100k,warm,,10,10,110,da4ef05e-ce8f-45ac-92db-0805f7ce276c
2026-04-29T11:58:52Z,node,1024,100k,warm,,11,11,110,bde72477-d3e7-4044-9301-212a80fca759
2026-04-29T11:58:53Z,node,1024,100k,warm,,14,14,111,f545b705-a0e7-446a-bb06-024aa01bbeab
2026-04-29T11:58:54Z,node,1024,100k,warm,,11,11,111,a19428a0-591a-4a9f-bf4f-45b60e268680
2026-04-29T11:58:54Z,node,1024,100k,warm,,10,10,111,22a27a2b-91f1-42e0-88e1-98a3fce8b5fb
2026-04-29T11:58:55Z,node,1024,100k,warm,,12,12,111,7d9a979f-94c0-4fdc-b9ae-144fe534faa5
2026-04-29T11:58:55Z,node,1024,100k,warm,,10,10,111,118ef4ba-c6e3-4d45-a6f6-6f083b94a907
2026-04-29T11:58:56Z,node,1024,100k,warm,,10,10,111,5f6fdc59-03ef-4277-a539-bea6734d0393
2026-04-29T11:58:57Z,node,1024,100k,warm,,11,11,111,ee934632-a637-4b45-a768-fea2616ac77c
2026-04-29T11:58:57Z,node,1024,100k,warm,,11,11,111,6d70e0a3-dfb3-49f4-9e81-0b1ea70a19c9
2026-04-29T11:58:58Z,node,1024,100k,warm,,10,10,111,e31ef3e3-0758-4d64-866e-2fc0155de310
2026-04-29T11:58:58Z,node,1024,100k,warm,,10,10,111,c328ee1f-c45c-4a54-a6b8-823a21b9b25e
2026-04-29T11:58:59Z,node,1024,100k,warm,,10,10,111,5d8033a4-518b-4e2f-a74d-984d7a6afb6e
2026-04-29T11:59:00Z,node,1024,100k,warm,,9,9,111,fde1c1bd-9657-4130-8f8a-6ab4141a7474
2026-04-29T11:59:00Z,node,1024,100k,warm,,10,10,111,38911157-a2a4-40fe-a746-a0f80e04717e
2026-04-29T11:59:01Z,node,1024,100k,warm,,10,10,111,cd0cf4f6-a1c2-4f10-b758-f9a15cdae8e4
2026-04-29T11:59:02Z,node,1024,100k,warm,,11,11,111,840ab010-f180-49f0-9895-58144a3fc369
2026-04-29T11:59:02Z,node,1024,100k,warm,,11,11,111,913fba37-f323-4905-ac5d-03bfafaaa4a0
2026-04-29T11:59:03Z,node,1024,100k,warm,,10,10,111,26b472a8-f94b-4709-9b1e-0453b4e454a0
2026-04-29T11:59:03Z,node,1024,100k,warm,,10,10,111,21230415-0ccd-42b8-b4d8-7f9bb68d0edf
2026-04-29T11:59:04Z,node,1024,100k,warm,,9,9,111,27262c11-fda2-446a-804f-1013e508615c
2026-04-29T11:59:05Z,node,1024,100k,warm,,9,9,111,0f1ee110-f77f-45aa-a986-99aa23f3ebbc
2026-04-29T11:59:05Z,node,1024,100k,warm,,9,9,111,06f26902-8977-485f-9fbf-4b715426853d
2026-04-29T11:59:06Z,node,1024,100k,warm,,11,11,111,7bb84590-e07f-49d8-af25-0dbc125307dc
2026-04-29T11:59:06Z,node,1024,100k,warm,,12,12,111,cfaf0ed1-0c73-4e3c-b0a5-a737ffef8afd
2026-04-29T11:59:07Z,node,1024,100k,warm,,10,10,111,cfa47235-8337-497d-8622-c1d26850de60
2026-04-29T11:59:08Z,node,1024,100k,warm,,9,9,111,b7f8e35b-3a9e-419b-bfba-c92150fedd0b
2026-04-29T11:59:16Z,node,1024,1m,cold,390.32,540,540,110,14ccc17f-d8dc-483c-a452-0e2a8955bb75
2026-04-29T11:59:24Z,node,1024,1m,cold,394.83,560,560,112,fe4ab32f-f9cd-4c0f-bec0-e8ccaa87286b
2026-04-29T11:59:31Z,node,1024,1m,cold,315.27,443,443,110,7d426889-1c12-4d06-a4e0-ff86eff39f07
2026-04-29T11:59:39Z,node,1024,1m,cold,312.91,460,460,112,59ce53ed-2c9b-44e9-86a9-222bdaf34416
2026-04-29T11:59:47Z,node,1024,1m,cold,316.18,459,459,110,6d52035d-142a-4d46-af73-432c74da2238
2026-04-29T11:59:54Z,node,1024,1m,cold,390.39,533,533,111,74e2952c-4b9b-47b6-a53c-7b249cf05baf
2026-04-29T12:00:02Z,node,1024,1m,cold,384.73,530,530,111,54e60210-89f5-4bd9-ac2d-bececb1e2569
2026-04-29T12:00:10Z,node,1024,1m,cold,392.46,547,547,112,4135ed42-b303-4182-97c2-2ff1f4409d07
2026-04-29T12:00:18Z,node,1024,1m,cold,315.87,454,454,111,2b0ecb15-b860-4f22-bec1-c63712cbb9dc
2026-04-29T12:00:25Z,node,1024,1m,cold,320.96,441,441,113,71ea84da-81f1-4b0f-a06e-6769c8b5cda0
2026-04-29T12:00:33Z,node,1024,1m,cold,299.24,433,433,111,40cba51e-8ef8-49d1-8dde-252fffc915ed
2026-04-29T12:00:41Z,node,1024,1m,cold,304.05,433,433,110,68c21951-dd60-496c-b352-6c79dfc53c8a
2026-04-29T12:00:48Z,node,1024,1m,cold,313.44,442,442,110,926a6d5e-6234-408c-a960-9f7b74d27b8a
2026-04-29T12:00:56Z,node,1024,1m,cold,308.22,444,444,110,a42ef1ab-95dc-488f-ba34-e951773c2474
2026-04-29T12:01:04Z,node,1024,1m,cold,322.69,453,453,113,bb362510-04e3-40a3-9ed6-2577728b6bd6
2026-04-29T12:01:12Z,node,1024,1m,cold,404.35,568,568,111,36725812-42cc-4d15-98b8-7fc4207660d8
2026-04-29T12:01:19Z,node,1024,1m,cold,349.93,496,496,111,2a937767-f75d-439b-b0f5-db12a8309c3e
2026-04-29T12:01:27Z,node,1024,1m,cold,320.26,441,441,111,654a6a94-66aa-471c-9560-ba669e1693cc
2026-04-29T12:01:35Z,node,1024,1m,cold,327.31,471,471,111,7c616a6c-d3e1-4845-b0e3-e97be03ac34a
2026-04-29T12:01:43Z,node,1024,1m,cold,321.50,468,468,110,c28267ec-5a38-4b65-b61a-5f36ea571922
2026-04-29T12:01:50Z,node,1024,1m,cold,398.14,539,539,112,52e9e1c4-2856-4efe-be4b-1b30b4c9f34b
2026-04-29T12:01:58Z,node,1024,1m,cold,311.81,446,446,111,7e45201d-ef45-434e-864d-30b9bf5cff71
2026-04-29T12:02:06Z,node,1024,1m,cold,322.55,467,467,110,0c6ec0f8-61c1-40e6-bf5a-ea8dadd2f6df
2026-04-29T12:02:14Z,node,1024,1m,cold,345.99,499,499,109,e44cf4f3-1202-4c3d-b190-0a0b4155e5b0
2026-04-29T12:02:21Z,node,1024,1m,cold,387.41,531,531,110,02656c5a-0ecd-435d-8f10-3e0b9cc4c7ab
2026-04-29T12:02:29Z,node,1024,1m,cold,332.69,468,468,110,6d0c2908-dfc7-4d5e-a550-e81d3cb65de2
2026-04-29T12:02:37Z,node,1024,1m,cold,404.23,571,571,112,b6a58db3-16be-439e-ae5c-2deb43537272
2026-04-29T12:02:45Z,node,1024,1m,cold,308.34,445,445,113,3601d5b9-1ff7-448f-ab89-9e2acae11be8
2026-04-29T12:02:53Z,node,1024,1m,cold,306.65,447,447,110,533537b8-95fc-4673-b9d9-2f1cd3d5cdfb
2026-04-29T12:03:00Z,node,1024,1m,cold,318.56,448,448,110,1640644c-2fbc-43c8-a3b5-f3a41c46dbe6
2026-04-29T12:03:08Z,node,1024,1m,cold,319.12,467,467,113,2c61c4ea-4f75-4194-ac0f-dc0e6f65436c
2026-04-29T12:03:16Z,node,1024,1m,cold,334.12,480,480,110,1ec7adac-ed2a-4644-a813-cf47fdd0783e
2026-04-29T12:03:24Z,node,1024,1m,cold,314.36,454,454,110,2fdcd7cf-90f6-4337-9049-192d539b387d
2026-04-29T12:03:31Z,node,1024,1m,cold,392.95,537,537,111,fa5c14f9-36b3-44da-b994-5d6dfc2913fb
2026-04-29T12:03:39Z,node,1024,1m,cold,335.12,473,473,113,9503fb8b-74d4-485f-9911-42ba17c8310b
2026-04-29T12:03:47Z,node,1024,1m,cold,384.15,532,532,110,587e3ab8-a07c-4880-9121-236c9effc3da
2026-04-29T12:03:55Z,node,1024,1m,cold,314.74,454,454,110,044036ca-95b3-4c66-b51c-90a0fe8e0880
2026-04-29T12:04:02Z,node,1024,1m,cold,402.06,549,549,111,42f69e98-e923-433b-9c8b-aca4c5111eb1
2026-04-29T12:04:10Z,node,1024,1m,cold,352.06,501,501,110,5c41d9a0-f902-4ca3-8a75-9b9138ff0ab4
2026-04-29T12:04:18Z,node,1024,1m,cold,321.40,455,455,110,9b031615-3d81-4bb1-9b89-ae95393b87f5
2026-04-29T12:04:25Z,node,1024,1m,cold,308.93,444,444,110,2055046e-d85f-4a2d-81f9-fe64a8c69435
2026-04-29T12:04:33Z,node,1024,1m,cold,313.94,452,452,110,6eccd821-cff1-497c-ba30-3de9fd44d22c
2026-04-29T12:04:41Z,node,1024,1m,cold,336.35,472,472,111,6834d4f3-c634-4cd3-a744-456d1ee1a0cd
2026-04-29T12:04:49Z,node,1024,1m,cold,321.25,466,466,110,a8a71778-cdc6-4498-b68e-1f5e89c9447e
2026-04-29T12:04:56Z,node,1024,1m,cold,314.30,455,455,111,5d27b41e-5ae0-4049-98e7-741f3ba191aa
2026-04-29T12:05:04Z,node,1024,1m,cold,325.32,461,461,112,a4378306-d0d1-46d1-81a3-54702b358c14
2026-04-29T12:05:12Z,node,1024,1m,cold,332.72,484,484,111,4bbf4336-74c4-4a9d-a577-6dd6d2b66d03
2026-04-29T12:05:19Z,node,1024,1m,cold,317.35,445,445,111,0ea45029-e76b-4776-8620-3ac1b4dff6df
2026-04-29T12:05:27Z,node,1024,1m,cold,320.76,447,447,110,d12aa245-f624-4ddb-a2a6-b42dd0270b10
2026-04-29T12:05:34Z,node,1024,1m,cold,314.91,461,461,113,9ce43e39-2612-4409-b2ee-4ec76f70b5fc
2026-04-29T12:05:37Z,node,1024,1m,warm,,20,20,120,f37826ba-31c8-4458-90be-c0674d607506
2026-04-29T12:05:37Z,node,1024,1m,warm,,34,34,123,ae24d0b4-ff33-49ec-85b6-ebe807b423b9
2026-04-29T12:05:38Z,node,1024,1m,warm,,39,39,124,c9cebd43-e8b7-4a0d-8a71-ef31d9da9ca6
2026-04-29T12:05:39Z,node,1024,1m,warm,,27,27,124,f7de11c1-de6a-4981-8254-d80cc14d4d45
2026-04-29T12:05:40Z,node,1024,1m,warm,,19,19,125,1bee3a76-4b72-447b-9933-686b96800ac9
2026-04-29T12:05:40Z,node,1024,1m,warm,,19,19,126,fc1d51d2-a629-4bbd-92bd-498a4e989d4f
2026-04-29T12:05:41Z,node,1024,1m,warm,,22,22,126,d9fe65b8-fbb5-4396-83a1-12f267c5fd80
2026-04-29T12:05:42Z,node,1024,1m,warm,,41,41,126,08e4d75b-86da-49f4-8cfb-b266050beb65
2026-04-29T12:05:43Z,node,1024,1m,warm,,18,18,126,4e482cce-0c08-48da-9390-28530aa306d3
2026-04-29T12:05:43Z,node,1024,1m,warm,,24,24,127,ee95853d-3701-452c-b139-71324f59afbe
2026-04-29T12:05:44Z,node,1024,1m,warm,,21,21,127,d91918ed-d4fc-4558-a24c-855b56cd1f42
2026-04-29T12:05:45Z,node,1024,1m,warm,,20,20,127,4460c3c1-2685-45f1-9ffd-7998881f2a0c
2026-04-29T12:05:46Z,node,1024,1m,warm,,52,52,130,5560f555-2fc3-4b0e-b554-e8b0a54a686f
2026-04-29T12:05:46Z,node,1024,1m,warm,,22,22,130,81fb249d-08b5-4386-a91c-60bd6e92c5cf
2026-04-29T12:05:47Z,node,1024,1m,warm,,17,17,130,673af015-b94d-48a5-9ea0-7444a9915549
2026-04-29T12:05:48Z,node,1024,1m,warm,,19,19,130,96f3a3f6-bca4-4963-8b3a-ff99ba937347
2026-04-29T12:05:49Z,node,1024,1m,warm,,21,21,131,09917547-7e76-496d-86ff-9303e6838e98
2026-04-29T12:05:49Z,node,1024,1m,warm,,51,51,132,f829a683-5dde-45b9-b860-522882926a33
2026-04-29T12:05:50Z,node,1024,1m,warm,,15,15,132,25c4e158-936a-4855-9795-bf67d9a392c1
2026-04-29T12:05:51Z,node,1024,1m,warm,,16,16,132,674779a8-319f-418f-a38a-d96346af0671
2026-04-29T12:05:52Z,node,1024,1m,warm,,19,19,132,b795b131-ff83-4be1-b88f-58bdf4bd4999
2026-04-29T12:05:52Z,node,1024,1m,warm,,53,53,132,fad49ec5-3530-4917-b4b3-5873a98d1cc2
2026-04-29T12:05:53Z,node,1024,1m,warm,,17,17,132,885bc192-760e-4856-8d15-58ae626991f0
2026-04-29T12:05:54Z,node,1024,1m,warm,,17,17,132,2476e872-854c-4e70-8638-3591f1d69a9a
2026-04-29T12:05:55Z,node,1024,1m,warm,,17,17,132,ee5c2d6d-3922-4e02-b167-283843e5df46
2026-04-29T12:05:56Z,node,1024,1m,warm,,45,45,132,edfd64f8-f0bd-4ed2-aad3-f7eeff4129e1
2026-04-29T12:05:56Z,node,1024,1m,warm,,20,20,132,048886ab-2e8e-459b-87cd-db2f6d3c65a2
2026-04-29T12:05:57Z,node,1024,1m,warm,,18,18,132,cec1558a-4810-4b03-be13-d30f8c3d6cc6
2026-04-29T12:05:58Z,node,1024,1m,warm,,26,26,132,6c1acde7-96fc-45ef-b679-500cfc57d2c7
2026-04-29T12:05:59Z,node,1024,1m,warm,,21,21,132,2564f954-72c4-4897-873f-0997007b596b
2026-04-29T12:05:59Z,node,1024,1m,warm,,34,34,138,09be3ce4-7672-43a1-8e78-519db01369e3
2026-04-29T12:06:00Z,node,1024,1m,warm,,24,24,138,4a037c33-2d0e-408d-a04e-c39d1ef10b9e
2026-04-29T12:06:01Z,node,1024,1m,warm,,16,16,138,015d54ff-88f1-461e-917b-82a02ea44eb0
2026-04-29T12:06:02Z,node,1024,1m,warm,,21,21,138,95c52bd6-44f0-4a59-a397-a475799b397f
2026-04-29T12:06:03Z,node,1024,1m,warm,,18,18,138,135f3dd1-84f0-4c40-a562-d2fe1c1d3e0e
2026-04-29T12:06:03Z,node,1024,1m,warm,,46,46,138,f7e6ba57-7f32-4357-b197-435fb66a2f82
2026-04-29T12:06:04Z,node,1024,1m,warm,,21,21,138,620484d6-cffe-48d4-a637-a861338ecfe6
2026-04-29T12:06:05Z,node,1024,1m,warm,,20,20,138,4f4a2d91-b645-4540-8ca6-1ef99f7c40a5
2026-04-29T12:06:06Z,node,1024,1m,warm,,22,22,138,aac8afed-f971-4d45-8510-99dc64ce3d0d
2026-04-29T12:06:06Z,node,1024,1m,warm,,41,41,138,88475066-1ebc-4a18-a2ca-390114fe6da1
2026-04-29T12:06:07Z,node,1024,1m,warm,,19,19,138,742fc329-de82-4630-9b2d-95bee3828a2b
2026-04-29T12:06:08Z,node,1024,1m,warm,,18,18,138,367cb58b-adb9-4561-955a-5a93aa7ab4f5
2026-04-29T12:06:09Z,node,1024,1m,warm,,21,21,138,c16d8941-52b4-4da7-be66-4585930db982
2026-04-29T12:06:09Z,node,1024,1m,warm,,16,16,138,9947f05b-a277-4b6d-a6e1-38c3edb66fb2
2026-04-29T12:06:10Z,node,1024,1m,warm,,18,18,138,77f23bf7-eaa0-4069-854a-79c04db49380
2026-04-29T12:06:11Z,node,1024,1m,warm,,18,18,138,d2e6eada-40e7-4555-930c-aa4a3ee071a2
2026-04-29T12:06:12Z,node,1024,1m,warm,,19,19,138,95e702d2-6d42-42ff-9eeb-c9b4af3140af
2026-04-29T12:06:12Z,node,1024,1m,warm,,18,18,138,0e74418b-ff4a-4d7a-b37f-3301964ba01b
2026-04-29T12:06:13Z,node,1024,1m,warm,,19,19,138,f5a39bda-576c-4911-b52a-92c36cf7e464
2026-04-29T12:06:14Z,node,1024,1m,warm,,48,48,138,47c085dd-43af-4c88-9d08-9c05328d0d85
2026-04-29T12:06:22Z,node,1769,1k,cold,303.62,385,385,108,67232592-0ba0-479d-9478-7932f631b3e8
2026-04-29T12:06:29Z,node,1769,1k,cold,429.30,528,528,107,72f0dc49-30fb-4cbe-872a-4d185cfeac7f
2026-04-29T12:06:37Z,node,1769,1k,cold,315.27,408,408,104,456b2dc8-4d8a-4229-a44f-5390efead783
2026-04-29T12:06:44Z,node,1769,1k,cold,321.64,407,407,104,e60f3729-a5df-4988-970d-e75c9ef91e55
2026-04-29T12:06:52Z,node,1769,1k,cold,390.33,489,489,104,cbc0b186-c613-4578-b9cb-67efde2c5ae9
2026-04-29T12:07:00Z,node,1769,1k,cold,309.77,394,394,105,256fe716-724f-4f82-a042-2fe26041f82b
2026-04-29T12:07:07Z,node,1769,1k,cold,330.10,418,418,104,b0f279a1-a36e-4cf8-ab7a-47163d93a39b
2026-04-29T12:07:15Z,node,1769,1k,cold,316.15,407,407,106,53269466-f7c4-4533-975c-68a1b635ee7e
2026-04-29T12:07:23Z,node,1769,1k,cold,403.77,502,502,104,84158923-ee54-424b-8eaa-ba0cb1bc378d
2026-04-29T12:07:30Z,node,1769,1k,cold,321.08,414,414,107,af928429-791e-4349-8a7a-65b136843fa4
2026-04-29T12:07:37Z,node,1769,1k,cold,311.96,406,406,106,1fe95660-fb40-41eb-8d22-d693b9ea47db
2026-04-29T12:07:45Z,node,1769,1k,cold,324.85,405,405,104,38dc2d7d-9101-43f3-80a7-0268b39b1b29
2026-04-29T12:07:53Z,node,1769,1k,cold,391.05,492,492,106,c7974a41-aff7-465e-97de-20e7be677610
2026-04-29T12:08:00Z,node,1769,1k,cold,318.21,402,402,104,f01268c7-ba44-4ef8-9ff7-d1e129daf725
2026-04-29T12:08:08Z,node,1769,1k,cold,312.87,400,400,106,9cc734c5-2975-4cfa-b498-63aa1efc392f
2026-04-29T12:08:16Z,node,1769,1k,cold,313.94,400,400,105,f160c189-d5f9-4f2c-9d92-dc34f0bd1cc4
2026-04-29T12:08:23Z,node,1769,1k,cold,401.60,503,503,104,cd7251cd-34af-4f24-b4e3-be0fc39ad345
2026-04-29T12:08:31Z,node,1769,1k,cold,294.48,371,371,106,6b4c8f8d-f820-42b4-be9d-32a971a21e76
2026-04-29T12:08:38Z,node,1769,1k,cold,302.32,382,382,106,14adf777-0f00-40f6-aa5d-64c881a5fadc
2026-04-29T12:08:46Z,node,1769,1k,cold,307.11,395,395,104,e6f04132-7541-42c4-956b-e1488f700275
2026-04-29T12:08:53Z,node,1769,1k,cold,327.30,413,413,107,679b39f7-66bc-4886-afcc-412b1182d0e9
2026-04-29T12:09:01Z,node,1769,1k,cold,401.52,497,497,106,cab10d45-acdb-4c9b-a110-ed45def033d9
2026-04-29T12:09:08Z,node,1769,1k,cold,341.23,430,430,109,2d218efa-74b7-4492-be24-955f0f4b711e
2026-04-29T12:09:16Z,node,1769,1k,cold,390.76,493,493,107,d8b43d27-451f-4f2b-8d4e-9e4c86a46065
2026-04-29T12:09:24Z,node,1769,1k,cold,305.58,403,403,105,478588b9-92c2-4d65-b746-e9736ca5875b
2026-04-29T12:09:31Z,node,1769,1k,cold,307.27,398,398,106,b1babb93-671f-4b83-8873-094189cbf086
2026-04-29T12:09:38Z,node,1769,1k,cold,325.99,411,411,105,acd4bb20-8e27-4573-b8b8-636acaa3e28f
2026-04-29T12:09:46Z,node,1769,1k,cold,311.71,402,402,106,df1884a7-380a-4311-b699-7865960358c0
2026-04-29T12:09:53Z,node,1769,1k,cold,316.35,394,394,106,23ce91ab-23de-4976-91f5-d863cc3834fa
2026-04-29T12:10:01Z,node,1769,1k,cold,331.15,424,424,104,c2a8c2c0-3288-40cd-890a-9d075254683f
2026-04-29T12:10:08Z,node,1769,1k,cold,331.50,416,416,108,4ca350e8-47dd-4e74-abc5-691c76c252c1
2026-04-29T12:10:16Z,node,1769,1k,cold,396.69,504,504,106,2bc3e117-90d7-4c15-a0dc-3b73eb146b96
2026-04-29T12:10:23Z,node,1769,1k,cold,377.91,466,466,104,8b66cff1-7758-4640-8d56-d71c5d5b7810
2026-04-29T12:10:31Z,node,1769,1k,cold,313.44,393,393,106,d6a8fd56-e88a-49d8-bef0-a8b99d236932
2026-04-29T12:10:38Z,node,1769,1k,cold,316.98,391,391,106,858e36f9-ed9a-46d8-b8a7-d43108eeb8b3
2026-04-29T12:10:46Z,node,1769,1k,cold,304.83,393,393,105,a024b3b7-8437-4a6d-a92d-525416a4a889
2026-04-29T12:10:53Z,node,1769,1k,cold,318.37,396,396,104,54e2a1b1-05fd-496c-ab33-e617f5f196c5
2026-04-29T12:11:01Z,node,1769,1k,cold,398.19,484,484,105,5495e060-7b5f-4367-a1d8-5a72d0f62de5
2026-04-29T12:11:08Z,node,1769,1k,cold,319.79,414,414,108,a092a9e5-0bcc-42c2-8cdd-20df25d3dc78
2026-04-29T12:11:16Z,node,1769,1k,cold,308.42,394,394,105,79f0df20-c931-427e-9af9-21f3b3ad96e0
2026-04-29T12:11:23Z,node,1769,1k,cold,309.43,385,385,108,9504d11a-7bb6-4875-92a0-93a654943876
2026-04-29T12:11:31Z,node,1769,1k,cold,408.64,508,508,104,a835cc2e-29a8-4042-b86e-92fa913e05dd
2026-04-29T12:11:39Z,node,1769,1k,cold,306.03,379,379,106,c1e8fc09-abb5-459a-ad3e-fd68bf3c48c3
2026-04-29T12:11:46Z,node,1769,1k,cold,388.68,486,486,105,1bbfa3d1-4b2f-46e7-ab01-41604e3a887b
2026-04-29T12:11:54Z,node,1769,1k,cold,315.42,400,400,107,94631175-0b2e-4718-8251-0c1f08d43c4b
2026-04-29T12:12:01Z,node,1769,1k,cold,311.51,396,396,104,3659d1de-6c74-4227-b34e-7a84ae0a5d63
2026-04-29T12:12:08Z,node,1769,1k,cold,320.67,400,400,107,2dd23bc8-8790-4b6d-ac0e-13a753235d5c
2026-04-29T12:12:16Z,node,1769,1k,cold,400.14,490,490,104,51e10821-676b-4b2f-ba36-a6eac3146688
2026-04-29T12:12:24Z,node,1769,1k,cold,314.96,404,404,105,3337e370-dc4e-4df0-97d9-95fa111d04ab
2026-04-29T12:12:31Z,node,1769,1k,cold,397.27,491,491,105,ff05075d-7916-4e9c-9cfb-5bea91448115
2026-04-29T12:12:33Z,node,1769,1k,warm,,14,14,106,86e79c3a-88f4-4e8a-b7eb-fb1ea45b6414
2026-04-29T12:12:33Z,node,1769,1k,warm,,13,13,106,bce971ff-6698-4803-acc9-d3ed509fe6e1
2026-04-29T12:12:34Z,node,1769,1k,warm,,11,11,107,8242369a-3924-474e-a9b3-23a2f20ec5d2
2026-04-29T12:12:34Z,node,1769,1k,warm,,13,13,108,cc0cc34a-1146-413c-96d3-a1774ff34dbb
2026-04-29T12:12:35Z,node,1769,1k,warm,,12,12,108,0f0e1dbe-a4b9-422e-908b-3c6051a39c84
2026-04-29T12:12:35Z,node,1769,1k,warm,,10,10,108,48213798-5621-4d1e-a0de-c00faa12da2e
2026-04-29T12:12:36Z,node,1769,1k,warm,,11,11,108,0d29229c-acd3-4c00-a2b8-5a409b5f6e0c
2026-04-29T12:12:36Z,node,1769,1k,warm,,9,9,108,5321257f-0fa6-48a0-b57e-2aac53e70109
2026-04-29T12:12:37Z,node,1769,1k,warm,,12,12,108,07b1a1a1-904e-4586-a727-7a5a35ac6bb8
2026-04-29T12:12:37Z,node,1769,1k,warm,,9,9,108,09dabe54-9f24-45f9-8f19-1acd4cb84c10
2026-04-29T12:12:38Z,node,1769,1k,warm,,9,9,108,9c1b4d26-1076-4611-b1dc-3b98174d3a6b
2026-04-29T12:12:39Z,node,1769,1k,warm,,10,10,108,a4ff38e0-c0f3-4396-909e-940888b2f93d
2026-04-29T12:12:39Z,node,1769,1k,warm,,10,10,108,f1b59bf9-1ef7-4ab3-a0db-68a48940d7a8
2026-04-29T12:12:40Z,node,1769,1k,warm,,9,9,108,86e6e2d0-8cb5-43b0-bdea-6f7554f78570
2026-04-29T12:12:40Z,node,1769,1k,warm,,12,12,108,b4c10db4-c170-43ce-9ae6-eeb10e012074
2026-04-29T12:12:41Z,node,1769,1k,warm,,11,11,109,55271f4e-c128-4e97-b167-641d04816fb7
2026-04-29T12:12:41Z,node,1769,1k,warm,,11,11,109,c1a7a806-9a80-44af-8330-d118ca828814
2026-04-29T12:12:42Z,node,1769,1k,warm,,9,9,109,0e10f610-a483-4c3f-913e-3ce5fec00081
2026-04-29T12:12:43Z,node,1769,1k,warm,,10,10,109,d2b0cd24-8c24-4007-82ca-900271e5edc6
2026-04-29T12:12:43Z,node,1769,1k,warm,,9,9,109,ae60a6c7-185b-48f3-9287-4e95d6e21df5
2026-04-29T12:12:44Z,node,1769,1k,warm,,9,9,109,3c05861b-dc4a-4165-8555-56e8e951487d
2026-04-29T12:12:44Z,node,1769,1k,warm,,9,9,109,0de49f21-a7b3-4d87-9d4b-0373e501b107
2026-04-29T12:12:45Z,node,1769,1k,warm,,10,10,109,2fba4756-cc06-418d-b012-1769960371ef
2026-04-29T12:12:45Z,node,1769,1k,warm,,11,11,109,4f581b57-a1cf-4157-8146-b63fbdce2f95
2026-04-29T12:12:46Z,node,1769,1k,warm,,9,9,109,a062e8fb-f33c-4235-8a94-1382a095ccf9
2026-04-29T12:12:46Z,node,1769,1k,warm,,9,9,109,1f96d1a9-37a4-486c-8ba6-232e776735d7
2026-04-29T12:12:47Z,node,1769,1k,warm,,11,11,109,3274324d-562d-4608-841c-8ccecf40643c
2026-04-29T12:12:48Z,node,1769,1k,warm,,11,11,109,2e35d753-c348-4742-b868-9cef8386c4fc
2026-04-29T12:12:48Z,node,1769,1k,warm,,10,10,109,88fe51e0-08b0-4632-8c14-40d083f47e6a
2026-04-29T12:12:49Z,node,1769,1k,warm,,9,9,109,e3fabdac-2c4c-4d31-ab73-8fc2e0692104
2026-04-29T12:12:49Z,node,1769,1k,warm,,10,10,109,f8049afd-feb3-4e35-a809-3294a72a6896
2026-04-29T12:12:50Z,node,1769,1k,warm,,10,10,109,1d76be62-831a-49c6-a7bd-8d305d81d92f
2026-04-29T12:12:50Z,node,1769,1k,warm,,10,10,109,64864e89-f09f-49f1-a287-61cb0a80743c
2026-04-29T12:12:51Z,node,1769,1k,warm,,10,10,109,5bfebd15-9008-4b9f-afaa-4ea8c9a2a6f0
2026-04-29T12:12:51Z,node,1769,1k,warm,,9,9,109,a633b4ce-e394-4de9-ae84-8bee528602eb
2026-04-29T12:12:52Z,node,1769,1k,warm,,9,9,109,d2429f7b-a3e0-45a9-87e6-1203f5880885
2026-04-29T12:12:52Z,node,1769,1k,warm,,8,8,109,61c05572-a655-411a-9c88-13f80b765373
2026-04-29T12:12:53Z,node,1769,1k,warm,,11,11,109,93571e52-0e67-483f-b85e-2cf1e63cb5ed
2026-04-29T12:12:54Z,node,1769,1k,warm,,12,12,109,03565b46-e4af-4690-8a12-bb6e440e46b7
2026-04-29T12:12:54Z,node,1769,1k,warm,,10,10,109,ab3c11ae-a6c8-4b60-b8f8-f518d9ccf224
2026-04-29T12:12:55Z,node,1769,1k,warm,,11,11,109,30ebbed9-69dd-489a-ad41-434c263ad41f
2026-04-29T12:12:55Z,node,1769,1k,warm,,10,10,109,e2d8734b-329b-48b5-8fbb-2414d09bad6c
2026-04-29T12:12:56Z,node,1769,1k,warm,,12,12,109,220fbcaf-954b-4fd4-9ac3-b83f18101e47
2026-04-29T12:12:56Z,node,1769,1k,warm,,9,9,109,cf66cb4a-afd8-4ebc-bf34-4993950f4680
2026-04-29T12:12:57Z,node,1769,1k,warm,,10,10,109,815b6fbb-f408-43ca-92e1-f9790b57e538
2026-04-29T12:12:57Z,node,1769,1k,warm,,9,9,109,79e158cb-26c2-434d-823f-76d283568738
2026-04-29T12:12:58Z,node,1769,1k,warm,,11,11,109,e1895608-6c9a-4b18-bc9d-50b2a4acf0b5
2026-04-29T12:12:58Z,node,1769,1k,warm,,10,10,109,0d9b4df5-fd25-431f-adba-e2d32be8bea1
2026-04-29T12:12:59Z,node,1769,1k,warm,,10,10,109,5af26335-5641-4858-b2e4-c701cd064160
2026-04-29T12:12:59Z,node,1769,1k,warm,,13,13,109,319e5f4d-a4f1-4830-bfb4-31b288c8684b
2026-04-29T12:13:07Z,node,1769,100k,cold,314.28,414,414,105,94620496-2672-428d-abee-8d10523800ad
2026-04-29T12:13:15Z,node,1769,100k,cold,406.62,502,502,103,44b42fc2-8776-4da2-8d32-c79f7eaced8a
2026-04-29T12:13:22Z,node,1769,100k,cold,323.05,404,404,106,db6ef15b-1f85-421d-9459-73f3d6a6f25a
2026-04-29T12:13:30Z,node,1769,100k,cold,321.41,416,416,107,4b4318c9-9eb0-407f-a787-422a05ae3c7b
2026-04-29T12:13:37Z,node,1769,100k,cold,309.03,398,398,105,ccb0472a-debb-4468-a35e-8993a3a0aaa2
2026-04-29T12:13:45Z,node,1769,100k,cold,373.81,471,471,105,4d8f39a6-6ab0-4efe-9428-67561bb614ee
2026-04-29T12:13:53Z,node,1769,100k,cold,317.58,393,393,107,30998866-a4fa-4cc2-a7b0-5076111bbffb
2026-04-29T12:14:00Z,node,1769,100k,cold,317.25,407,407,105,f5bd5d88-8402-4368-b04d-4f1bae6bbc9f
2026-04-29T12:14:08Z,node,1769,100k,cold,394.15,493,493,105,aa7b262e-6145-4cd6-9340-65dedbc87360
2026-04-29T12:14:15Z,node,1769,100k,cold,300.51,394,394,107,f8bf4b50-9443-4f13-85b2-8f5fa8d87f62
2026-04-29T12:14:23Z,node,1769,100k,cold,312.21,396,396,109,851166bb-d3b7-4185-b565-04fbb4328285
2026-04-29T12:14:30Z,node,1769,100k,cold,304.13,404,404,105,ef7e18d1-e1ca-472d-b2de-55d1e372d841
2026-04-29T12:14:38Z,node,1769,100k,cold,317.51,414,414,104,535aa84b-5d4a-4250-a0c8-8b7c00871173
2026-04-29T12:14:45Z,node,1769,100k,cold,316.94,403,403,109,2610fa66-32cc-498d-b1e7-9161a0fb3e2a
2026-04-29T12:14:53Z,node,1769,100k,cold,324.80,415,415,106,a49b2cc4-08c5-4b8a-a2f5-c4360f5a9a20
2026-04-29T12:15:00Z,node,1769,100k,cold,317.46,397,397,105,b4f8f2d2-3b83-40a6-91ab-4e5283b35616
2026-04-29T12:15:08Z,node,1769,100k,cold,319.66,410,410,107,d2987aa5-cb56-423f-8f84-c0e4692e1b21
2026-04-29T12:15:15Z,node,1769,100k,cold,325.65,411,411,106,5553fcb7-b0b1-485e-8656-858eba5ed62a
2026-04-29T12:15:23Z,node,1769,100k,cold,317.66,406,406,105,ace3df58-89f1-46b4-8e64-8c8ade098624
2026-04-29T12:15:30Z,node,1769,100k,cold,394.49,499,499,105,348a4cb0-459f-4927-a078-dada16cd7ac4
2026-04-29T12:15:38Z,node,1769,100k,cold,305.92,396,396,105,9329ed53-6f40-4da9-897a-5f12f9f9a03d
2026-04-29T12:15:45Z,node,1769,100k,cold,313.69,402,402,107,6d71ea72-21ff-45b3-934f-4d57630cfedc
2026-04-29T12:15:53Z,node,1769,100k,cold,308.34,401,401,105,7dcea25d-1c7f-4f6d-94e4-2b91a8370e74
2026-04-29T12:16:01Z,node,1769,100k,cold,408.30,499,499,109,0b55a42f-1cd9-49b5-8e42-094e0d658a41
2026-04-29T12:16:09Z,node,1769,100k,cold,314.31,404,404,107,6ed02259-7821-4dcb-9dd7-0b419cbc182b
2026-04-29T12:16:16Z,node,1769,100k,cold,341.32,441,441,105,acf7b9f9-bc34-44a6-b907-83affd64d3b9
2026-04-29T12:16:24Z,node,1769,100k,cold,313.03,398,398,106,13c712ee-ddf2-4711-9d31-7a92061567d2
2026-04-29T12:16:32Z,node,1769,100k,cold,306.66,396,396,107,40246b74-00a8-494c-aa05-c635b12af664
2026-04-29T12:16:39Z,node,1769,100k,cold,304.36,397,397,105,70f55df3-6ed6-4c65-973c-bcaaef85debe
2026-04-29T12:16:47Z,node,1769,100k,cold,305.28,389,389,107,ff1115e7-1951-44db-8e4c-1ecb9ecdf747
2026-04-29T12:16:54Z,node,1769,100k,cold,322.81,417,417,107,ff92595b-bf33-45ae-a1c4-f3fc5bca6781
2026-04-29T12:17:02Z,node,1769,100k,cold,389.67,499,499,107,f52e4ad4-a31d-49a7-b053-19e0232ce743
2026-04-29T12:17:10Z,node,1769,100k,cold,323.24,417,417,109,48467f4b-27bb-484d-a5be-9aac369b37ed
2026-04-29T12:17:17Z,node,1769,100k,cold,322.53,404,404,105,9ec29c3b-4d8f-46f9-ad92-0304d596a9b6
2026-04-29T12:17:25Z,node,1769,100k,cold,399.46,499,499,105,78fda450-dbe8-45ea-aa69-ac72aba51b9a
2026-04-29T12:17:32Z,node,1769,100k,cold,315.82,399,399,108,c4cc3ad5-e1a4-4b83-b218-7f4d2788853d
2026-04-29T12:17:40Z,node,1769,100k,cold,321.53,407,407,105,7f2257b6-c19e-4698-8630-4c57c6aa9be3
2026-04-29T12:17:47Z,node,1769,100k,cold,316.16,402,402,107,a916440a-e709-4c80-ae06-7df32187e8fb
2026-04-29T12:17:55Z,node,1769,100k,cold,300.95,389,389,105,720696cd-105d-4f4d-ab13-37230b8fb11f
2026-04-29T12:18:02Z,node,1769,100k,cold,406.81,505,505,105,40eaa516-28e8-463f-97c4-4074b7b78891
2026-04-29T12:18:10Z,node,1769,100k,cold,312.44,396,396,107,44449be3-0039-475d-9598-8fba0b6fc62a
2026-04-29T12:18:18Z,node,1769,100k,cold,395.47,486,486,107,08098d97-e8c6-4a00-810a-9054b5c924d3
2026-04-29T12:18:25Z,node,1769,100k,cold,316.76,424,424,105,6f1ffd75-1a5e-4a66-b05c-0870e6f5abaf
2026-04-29T12:18:33Z,node,1769,100k,cold,316.74,413,413,105,57c14d3d-86b6-4435-a1c8-efc0b85a7122
2026-04-29T12:18:40Z,node,1769,100k,cold,393.95,491,491,109,1f1e2ee1-8874-4bc7-b199-f49aeeed0e41
2026-04-29T12:18:48Z,node,1769,100k,cold,315.53,417,417,107,bf64604e-3ff5-44bb-865d-d52ec027fd36
2026-04-29T12:18:55Z,node,1769,100k,cold,320.86,407,407,105,1631cdc5-90f3-4440-b36b-057f99910984
2026-04-29T12:19:03Z,node,1769,100k,cold,315.57,408,408,108,8bdc83bd-3dbe-4227-9699-9a4210844250
2026-04-29T12:19:10Z,node,1769,100k,cold,310.81,401,401,106,62270650-dc05-4e34-bdd4-c5ad4b4380ee
2026-04-29T12:19:18Z,node,1769,100k,cold,449.86,549,549,106,eecd6a58-3123-4efd-8bb2-e75d1b5e8e7f
2026-04-29T12:19:20Z,node,1769,100k,warm,,14,14,109,77d5f0a2-0b2a-4a90-8c9f-0b67ee4f956f
2026-04-29T12:19:21Z,node,1769,100k,warm,,14,14,109,6616b4e8-f057-4b80-be38-40504abff067
2026-04-29T12:19:21Z,node,1769,100k,warm,,13,13,110,0fd568f7-eed9-4d1c-9189-5d3014fdb713
2026-04-29T12:19:22Z,node,1769,100k,warm,,10,10,110,0a67e82c-ff25-4cd4-b1e1-bdd8dc73bc62
2026-04-29T12:19:22Z,node,1769,100k,warm,,11,11,110,b8f48efc-8f30-4c29-b812-5159cc6de2a7
2026-04-29T12:19:23Z,node,1769,100k,warm,,13,13,110,b789eb6f-e1c9-4ab3-b5a2-edf35d0922cb
2026-04-29T12:19:24Z,node,1769,100k,warm,,12,12,110,7b086aac-a02e-4816-bc0f-28659bb8b5d2
2026-04-29T12:19:24Z,node,1769,100k,warm,,12,12,110,31cf15fe-b5a5-4fb6-ae59-4c8c0ed888cc
2026-04-29T12:19:25Z,node,1769,100k,warm,,10,10,110,b364365c-80c1-4a0a-a306-e7b10cca02ab
2026-04-29T12:19:25Z,node,1769,100k,warm,,12,12,110,b9b45d5e-e9da-40bb-8b51-2195a0c2c149
2026-04-29T12:19:26Z,node,1769,100k,warm,,12,12,111,e279ad29-f55f-47ea-bb73-f1d8d684cd0f
2026-04-29T12:19:27Z,node,1769,100k,warm,,12,12,111,b062f278-3f9b-4b6d-9e30-0c6959b2c224
2026-04-29T12:19:27Z,node,1769,100k,warm,,10,10,111,88764faa-3f66-4981-84e9-07090ad8b5aa
2026-04-29T12:19:28Z,node,1769,100k,warm,,14,14,111,9587c273-2391-4bfa-874b-0c0b39343ecb
2026-04-29T12:19:28Z,node,1769,100k,warm,,12,12,111,82b5efb0-601a-45e8-806c-ba601a6ae21a
2026-04-29T12:19:29Z,node,1769,100k,warm,,11,11,111,328bd23e-a7dc-4780-9346-3b7ec63bbf32
2026-04-29T12:19:30Z,node,1769,100k,warm,,11,11,111,88fcf371-eb54-4959-9d71-7d31f47bf634
2026-04-29T12:19:30Z,node,1769,100k,warm,,12,12,111,c711e843-a182-4b70-8491-072cfd665c7f
2026-04-29T12:19:31Z,node,1769,100k,warm,,14,14,111,26398511-5a1e-44da-8e94-251b264b1a70
2026-04-29T12:19:32Z,node,1769,100k,warm,,10,10,111,bdc126ee-2e01-42d1-83b0-c2b2719ea9ab
2026-04-29T12:19:32Z,node,1769,100k,warm,,11,11,111,7d1c5e11-b12d-453f-867a-e2d985e89680
2026-04-29T12:19:33Z,node,1769,100k,warm,,10,10,111,908c8a27-f3fd-4253-a676-c00ac628d809
2026-04-29T12:19:33Z,node,1769,100k,warm,,12,12,111,42f46ea6-636d-43df-b0ec-295c3622fd70
2026-04-29T12:19:34Z,node,1769,100k,warm,,13,13,111,e6a56344-f1bb-4c2b-9580-c625214ce12c
2026-04-29T12:19:35Z,node,1769,100k,warm,,11,11,111,bdea6ce0-f2a1-471f-b5ed-a51f6214160a
2026-04-29T12:19:35Z,node,1769,100k,warm,,12,12,111,6086b3d1-e3be-4331-80ad-bdd65e1dfc58
2026-04-29T12:19:36Z,node,1769,100k,warm,,11,11,111,a94ab7f4-0d25-4964-8355-1df2923d5a0e
2026-04-29T12:19:36Z,node,1769,100k,warm,,13,13,111,b8b34f8b-cb17-4577-bdc6-492020e49c84
2026-04-29T12:19:37Z,node,1769,100k,warm,,12,12,111,55dd1ab0-ef11-4eb8-b322-f2c5759a67d2
2026-04-29T12:19:38Z,node,1769,100k,warm,,11,11,111,ec83230a-f21e-4ef0-ac9d-e256e6c811c8
2026-04-29T12:19:38Z,node,1769,100k,warm,,12,12,111,21497977-592a-4b3f-9cc3-ab558640fe8f
2026-04-29T12:19:39Z,node,1769,100k,warm,,12,12,111,884e95ff-a533-4ab9-879b-f5714e655e24
2026-04-29T12:19:39Z,node,1769,100k,warm,,12,12,111,9d8fa67c-0b4e-4574-a754-07dd1517310a
2026-04-29T12:19:40Z,node,1769,100k,warm,,11,11,111,5fd30df2-4250-418b-a2df-8add441d6c9f
2026-04-29T12:19:41Z,node,1769,100k,warm,,11,11,111,e08a8677-163b-435b-8b21-3d897ea31285
2026-04-29T12:19:41Z,node,1769,100k,warm,,11,11,111,5a62b885-98fc-484f-9d60-636a8e02d66b
2026-04-29T12:19:42Z,node,1769,100k,warm,,10,10,111,82447e56-2e1e-4329-9171-4ff384366bf4
2026-04-29T12:19:43Z,node,1769,100k,warm,,12,12,111,aa0c5952-07e0-47ca-a0c0-a12ecf0c5d15
2026-04-29T12:19:43Z,node,1769,100k,warm,,11,11,111,a797b0f8-8e60-4908-bc71-c62f260eb0e6
2026-04-29T12:19:44Z,node,1769,100k,warm,,11,11,111,71eda42e-9084-4a6f-8ca1-c6baf4aeb01b
2026-04-29T12:19:44Z,node,1769,100k,warm,,12,12,111,76fc1755-11fe-4edd-98a8-b94127c30a41
2026-04-29T12:19:45Z,node,1769,100k,warm,,11,11,111,67b7e98b-3d0d-4a46-aada-980ed5093e81
2026-04-29T12:19:46Z,node,1769,100k,warm,,12,12,111,db4178b6-f0fb-411b-aa87-f69f0af1f42a
2026-04-29T12:19:46Z,node,1769,100k,warm,,10,10,111,50a8ed62-7a08-4bd9-a16e-e6ab993ee047
2026-04-29T12:19:47Z,node,1769,100k,warm,,11,11,111,66a2ca5e-5807-4e82-878d-4904ae595f70
2026-04-29T12:19:48Z,node,1769,100k,warm,,11,11,111,69e6a9d4-537d-4693-8ac3-e79ca2b7004d
2026-04-29T12:19:48Z,node,1769,100k,warm,,11,11,111,3cfcbf95-77f9-4fa0-a353-d9d37d73014e
2026-04-29T12:19:49Z,node,1769,100k,warm,,12,12,111,b701c50d-2949-43d2-a655-167d279c487d
2026-04-29T12:19:49Z,node,1769,100k,warm,,11,11,111,fea50396-3406-4b08-b07e-135f99c04e25
2026-04-29T12:19:50Z,node,1769,100k,warm,,11,11,111,d40f59db-374c-4b0c-8374-0df70b0d856d
2026-04-29T12:19:58Z,node,1769,1m,cold,401.02,520,520,112,bbfa08ca-ea41-48a5-9efb-4ce816fa4a02
2026-04-29T12:20:05Z,node,1769,1m,cold,306.93,408,408,110,09584a8d-27e8-4684-8bec-d992c9655c36
2026-04-29T12:20:13Z,node,1769,1m,cold,416.41,525,525,110,5456c32f-2cd2-4e29-80f1-cd3f94411b9b
2026-04-29T12:20:21Z,node,1769,1m,cold,404.75,521,521,113,d4271115-03c4-42a0-8584-5ace1cd0082a
2026-04-29T12:20:29Z,node,1769,1m,cold,321.98,424,424,110,8df7bb58-df09-47a6-a8e5-c9b670e1c6b4
2026-04-29T12:20:36Z,node,1769,1m,cold,392.57,510,510,110,91859b4c-7cf7-459b-953c-7d0dc32138b2
2026-04-29T12:20:44Z,node,1769,1m,cold,300.81,390,390,110,28b1434d-05ca-4f10-bee2-25e73720a325
2026-04-29T12:20:52Z,node,1769,1m,cold,384.58,500,500,112,992a6b54-50d3-4590-ad73-6c5397a95499
2026-04-29T12:21:00Z,node,1769,1m,cold,390.19,513,513,112,da2dc900-55a3-41ef-aaaf-c6115533e35b
2026-04-29T12:21:07Z,node,1769,1m,cold,318.92,421,421,112,fd4133c5-0081-4c6d-97c8-9bb4577ca12c
2026-04-29T12:21:15Z,node,1769,1m,cold,323.20,422,422,110,fd36e0c2-7335-4e06-a34b-56bac7d66874
2026-04-29T12:21:23Z,node,1769,1m,cold,315.07,418,418,113,5e2db75c-a7bc-4cc0-bc4d-5b530e0b816c
2026-04-29T12:21:31Z,node,1769,1m,cold,395.98,503,503,113,53feeffd-f847-4091-b03c-fe88e60ebebe
2026-04-29T12:21:38Z,node,1769,1m,cold,303.54,401,401,110,6b63a82f-2b45-46ee-a63d-c6138d83f253
2026-04-29T12:21:46Z,node,1769,1m,cold,316.61,424,424,112,cb359a90-f518-47ee-988b-ccdc45a0bcff
2026-04-29T12:21:54Z,node,1769,1m,cold,316.20,412,412,111,62c1c1d1-06d1-4faf-9435-014172ea87e9
2026-04-29T12:22:01Z,node,1769,1m,cold,309.92,414,414,110,862d35bc-9c54-46e1-8ab4-60622af5275d
2026-04-29T12:22:09Z,node,1769,1m,cold,312.29,408,408,113,02aeabfb-ca7d-4f01-8a59-c448c9e01d2f
2026-04-29T12:22:17Z,node,1769,1m,cold,325.74,422,422,113,74104d7b-d343-44af-8531-553e3ca9b491
2026-04-29T12:22:24Z,node,1769,1m,cold,306.49,400,400,111,c9281d0e-347b-4d69-9819-f25bf55cbc91
2026-04-29T12:22:32Z,node,1769,1m,cold,309.86,408,408,113,6a0df122-0a46-44be-af00-c564f5c704ec
2026-04-29T12:22:39Z,node,1769,1m,cold,319.00,422,422,110,96814c59-f29a-4159-bb2c-c276a407446c
2026-04-29T12:22:47Z,node,1769,1m,cold,302.50,396,396,110,18b26e15-87b7-4c1b-9bfe-232e787809b9
2026-04-29T12:22:54Z,node,1769,1m,cold,310.06,404,404,110,d929e501-b04b-4b2b-bd1c-664264240e30
2026-04-29T12:23:02Z,node,1769,1m,cold,397.99,515,515,111,d200def1-986c-4327-bc12-e831816b5e14
2026-04-29T12:23:10Z,node,1769,1m,cold,405.08,529,529,112,e4fe3247-d7b7-41d7-8a55-ff025cfe730f
2026-04-29T12:23:18Z,node,1769,1m,cold,306.32,405,405,110,1365cc4f-e920-41ee-bbd9-b11894bf2e1d
2026-04-29T12:23:25Z,node,1769,1m,cold,315.07,411,411,110,11044b49-487f-48ee-aaaa-d7fb99f849e5
2026-04-29T12:23:33Z,node,1769,1m,cold,398.96,510,510,111,7006a65f-19d4-4606-ab05-7dc34bb3c4da
2026-04-29T12:23:41Z,node,1769,1m,cold,397.50,510,510,114,1234abf4-58ca-4997-880b-4a97438774df
2026-04-29T12:23:49Z,node,1769,1m,cold,405.10,520,520,111,3d7eb5e8-c00d-4c5b-b1f7-e5fd344eae97
2026-04-29T12:23:57Z,node,1769,1m,cold,323.72,421,421,111,c54beec1-0173-45c2-a0d3-18cf11affa60
2026-04-29T12:24:04Z,node,1769,1m,cold,396.41,522,522,111,72943c69-826c-4c3f-808f-c254810e4714
2026-04-29T12:24:12Z,node,1769,1m,cold,313.35,414,414,111,2b35a26c-7d2c-4bf4-a24f-4d7cd36509cd
2026-04-29T12:24:20Z,node,1769,1m,cold,319.18,419,419,110,d1239db9-4460-4265-9c01-7d7f55728fbb
2026-04-29T12:24:27Z,node,1769,1m,cold,315.50,403,403,110,c5e215b9-7784-4f36-9c6b-38cd8616728a
2026-04-29T12:24:35Z,node,1769,1m,cold,391.41,494,494,110,8484bb48-3ad8-4494-9036-567ba97d1a58
2026-04-29T12:24:43Z,node,1769,1m,cold,386.44,503,503,115,64b5c40b-94d6-416b-b9a1-31fbaccabb9c
2026-04-29T12:24:51Z,node,1769,1m,cold,308.77,418,418,110,f7c19e3d-97a0-4f26-9f32-08d451062e65
2026-04-29T12:24:58Z,node,1769,1m,cold,313.99,408,408,110,8c20382b-15bc-4318-b9d5-7328dea94cc4
2026-04-29T12:25:06Z,node,1769,1m,cold,398.14,512,512,110,a53c9d2b-4a86-4c73-9f89-89994409bd95
2026-04-29T12:25:14Z,node,1769,1m,cold,398.07,500,500,110,3a381c55-4e5a-4712-ae48-6d3d40e3119c
2026-04-29T12:25:22Z,node,1769,1m,cold,302.34,425,425,110,d9da132f-bff0-4d1c-8a0a-8214ed302131
2026-04-29T12:25:29Z,node,1769,1m,cold,305.96,404,404,110,496178ca-a165-4ded-ae97-390f2fdecd24
2026-04-29T12:25:37Z,node,1769,1m,cold,389.40,506,506,110,5dbde668-a894-4317-815c-7775ecd91baa
2026-04-29T12:25:45Z,node,1769,1m,cold,314.50,415,415,110,c4cfe763-aaa8-49d0-a66e-fd34c91eb411
2026-04-29T12:25:52Z,node,1769,1m,cold,395.44,513,513,110,3486e310-01b4-4baf-a5a0-23dd954f2bd2
2026-04-29T12:26:00Z,node,1769,1m,cold,318.01,419,419,112,500b639b-ea7e-45a3-b3a8-a0c6ecbda21c
2026-04-29T12:26:08Z,node,1769,1m,cold,398.87,509,509,113,c6b9528f-4e33-4a33-8f5c-47c1cb07656c
2026-04-29T12:26:16Z,node,1769,1m,cold,386.10,500,500,109,c12bda29-7c0f-45cf-9cd2-7f81e86ca8fd
2026-04-29T12:26:18Z,node,1769,1m,warm,,25,25,115,f086e5a7-ca84-4002-a8fe-e370861e1d58
2026-04-29T12:26:19Z,node,1769,1m,warm,,28,28,118,bd85228e-539b-47f7-9327-d6f3fc3e64c5
2026-04-29T12:26:20Z,node,1769,1m,warm,,38,38,121,87ed2aac-5699-470e-bbcc-ee0ed3aa1ce9
2026-04-29T12:26:20Z,node,1769,1m,warm,,25,25,121,9ffc30b5-838a-4ccb-bc71-7b75e6e64bfa
2026-04-29T12:26:21Z,node,1769,1m,warm,,22,22,121,b53643f1-9ea7-4084-b574-0588503c1194
2026-04-29T12:26:22Z,node,1769,1m,warm,,23,23,122,ab78e61d-9b87-4285-aeea-36c41c4b5a37
2026-04-29T12:26:23Z,node,1769,1m,warm,,26,26,122,2e1bbc0d-6f1b-456b-bbdc-9707865335c2
2026-04-29T12:26:23Z,node,1769,1m,warm,,39,39,126,a2eb0bb0-c84e-4fcd-80f5-4b315b099490
2026-04-29T12:26:24Z,node,1769,1m,warm,,29,29,126,c4e5e3a2-4c9c-49dc-81a6-64db6fd7374a
2026-04-29T12:26:25Z,node,1769,1m,warm,,24,24,126,17163716-645e-4299-8f4d-1c0147bed41a
2026-04-29T12:26:26Z,node,1769,1m,warm,,25,25,126,038e471b-2208-4858-95f5-096f21b23cab
2026-04-29T12:26:26Z,node,1769,1m,warm,,23,23,126,4569e3d6-24cd-421d-a0d5-e28911df6414
2026-04-29T12:26:27Z,node,1769,1m,warm,,33,33,126,789d9e40-6ad0-4d1d-9077-405d948923c5
2026-04-29T12:26:28Z,node,1769,1m,warm,,24,24,126,c36f13fa-a87f-44c6-97d4-4fe6b583c447
2026-04-29T12:26:29Z,node,1769,1m,warm,,26,26,126,8dfd3cb3-1bfa-4587-938b-ffb260c17fc1
2026-04-29T12:26:29Z,node,1769,1m,warm,,24,24,127,74205292-825f-410b-8309-8a522ad4e2cb
2026-04-29T12:26:30Z,node,1769,1m,warm,,27,27,127,ac64f11f-4b73-47b7-82dd-927d6ccec541
2026-04-29T12:26:31Z,node,1769,1m,warm,,23,23,130,e5f73e63-b619-4fbf-8185-df0fde51d99d
2026-04-29T12:26:32Z,node,1769,1m,warm,,27,27,134,644c7b20-1f56-4d02-a171-66d7313cfedd
2026-04-29T12:26:32Z,node,1769,1m,warm,,22,22,134,2c253d5c-ded8-4ef3-8f61-4f7f8eba1aa1
2026-04-29T12:26:33Z,node,1769,1m,warm,,25,25,134,fe1a262f-7e80-4662-ac61-1d9a9cb3987a
2026-04-29T12:26:34Z,node,1769,1m,warm,,23,23,134,5b6495ea-8d35-4d81-b2af-66ec25e0d141
2026-04-29T12:26:35Z,node,1769,1m,warm,,20,20,134,b572fb00-e868-4959-94cd-ba8e487a8570
2026-04-29T12:26:35Z,node,1769,1m,warm,,27,27,134,fcf696f2-cffb-427e-abc5-ec3ed8f64ae8
2026-04-29T12:26:36Z,node,1769,1m,warm,,46,46,134,5ebf7867-7234-4e28-a37a-572313bfbcb1
2026-04-29T12:26:37Z,node,1769,1m,warm,,22,22,134,83312adb-8422-4c35-9155-ac2bc5541c17
2026-04-29T12:26:38Z,node,1769,1m,warm,,23,23,134,9717e00c-e12f-471e-8c9d-b158e6ea52cb
2026-04-29T12:26:38Z,node,1769,1m,warm,,25,25,134,0b9f4f12-b771-4654-b9d8-64770ac9df3c
2026-04-29T12:26:39Z,node,1769,1m,warm,,41,41,134,1b6ff348-15ac-4c65-bd41-f12125d81701
2026-04-29T12:26:40Z,node,1769,1m,warm,,21,21,134,96bd08f9-576f-45f6-a4ca-3c096ec25550
2026-04-29T12:26:41Z,node,1769,1m,warm,,22,22,134,e33e0f52-c9ff-4481-a1e8-3b2ac3a43b2b
2026-04-29T12:26:41Z,node,1769,1m,warm,,25,25,134,d2874d04-145a-4471-8d96-23d467eef7cf
2026-04-29T12:26:42Z,node,1769,1m,warm,,22,22,134,4a27e258-44dc-43be-8d34-716bea8ab573
2026-04-29T12:26:43Z,node,1769,1m,warm,,36,36,134,ff2df8bf-bcdf-43fc-9513-d4742efb61e3
2026-04-29T12:26:44Z,node,1769,1m,warm,,28,28,134,43480ccd-f334-4b1c-88b2-7c3cea55b593
2026-04-29T12:26:44Z,node,1769,1m,warm,,21,21,134,b3613493-0f4c-4819-ada5-82bf49dc716e
2026-04-29T12:26:45Z,node,1769,1m,warm,,24,24,134,38e4cd2a-2fae-4e32-9130-1c975a1bdb08
2026-04-29T12:26:46Z,node,1769,1m,warm,,23,23,134,35cc485d-f552-4d7e-aa43-316c787593bc
2026-04-29T12:26:47Z,node,1769,1m,warm,,30,30,134,2ce98651-b351-4819-b6d6-bd23d8eadfeb
2026-04-29T12:26:47Z,node,1769,1m,warm,,24,24,134,60d6abfd-8069-41bb-bb20-577f512a4cbc
2026-04-29T12:26:48Z,node,1769,1m,warm,,24,24,134,6b6a4577-1743-4f87-9ced-da0c08797367
2026-04-29T12:26:49Z,node,1769,1m,warm,,21,21,134,9f343132-025d-40d8-9c73-02bbcd7aba45
2026-04-29T12:26:50Z,node,1769,1m,warm,,24,24,134,f8f4871c-c0b7-45ed-9e59-ad2644dd841e
2026-04-29T12:26:50Z,node,1769,1m,warm,,25,25,134,283f5f85-8029-4503-bea6-10b53a650bfe
2026-04-29T12:26:51Z,node,1769,1m,warm,,23,23,134,455df167-ecac-4b9f-971b-924aceb09455
2026-04-29T12:26:52Z,node,1769,1m,warm,,23,23,134,ffbeac80-f4e2-458d-b221-2917d5a7a713
2026-04-29T12:26:52Z,node,1769,1m,warm,,24,24,134,b4b7c578-5537-4c4f-a24a-99ecc5b42139
2026-04-29T12:26:53Z,node,1769,1m,warm,,24,24,134,c7bec06e-e2ae-4312-b16c-b79962538a79
2026-04-29T12:26:54Z,node,1769,1m,warm,,54,54,134,d11f587c-fba0-4401-90ce-7f120d931575
2026-04-29T12:26:55Z,node,1769,1m,warm,,23,23,134,ddddf188-a48f-4da4-9620-dd763403b62e
